,actual_target,new_model_prediction
8980,40,53.86666666666667
2754,90,121.1
9132,50,46.2
14359,50,58.166666666666664
8875,70,67.06666666666666
10239,120,129.93333333333334
8348,120,106.73333333333333
15847,70,103.06666666666666
13166,50,51.733333333333334
7801,70,102.2
451,110,151.13333333333333
12350,70,75.13333333333334
4614,100,123.23333333333333
7221,110,101.8
11384,120,197.73333333333332
9564,50,47.63333333333333
13607,50,55.13333333333333
15465,50,52.833333333333336
16337,30,37.43333333333333
4339,140,135.8
7888,60,69.3
10074,60,53.3
1632,20,35.233333333333334
2300,40,47.96666666666667
18124,340,226.56666666666666
19145,70,84.13333333333334
8214,100,82.73333333333333
5861,60,61.36666666666667
17316,60,54.833333333333336
9899,130,136.83333333333334
13280,60,64.93333333333334
7879,50,66.36666666666666
16092,50,58.03333333333333
15111,80,64.6
3106,40,49.3
9303,350,126.9
4336,100,150.86666666666667
12105,140,169.93333333333334
17494,50,54.53333333333333
14954,70,76.26666666666667
17178,50,59.43333333333333
13549,120,140.16666666666666
17311,60,60.63333333333333
2781,50,47.93333333333333
3826,50,43.9
5371,60,54.6
7109,20,46.03333333333333
3059,70,58.36666666666667
1153,40,66.26666666666667
14768,60,50.63333333333333
19383,60,63.7
15702,330,216.66666666666666
13951,70,61.86666666666667
19205,50,58.2
14218,30,49.6
9347,270,320.9
8843,50,53.63333333333333
9052,240,235.63333333333333
10726,50,56.7
9606,40,37.6
2676,20,43.266666666666666
3509,40,44.03333333333333
18494,60,43.3
2495,20,30.4
6760,60,66.2
9489,60,64.66666666666667
3169,40,89.86666666666666
8237,100,95.6
2930,40,47.266666666666666
3047,60,93.26666666666667
5489,90,99.96666666666667
2794,50,40.6
16010,70,96.56666666666666
11567,50,40.666666666666664
15027,70,63.833333333333336
16986,60,55.6
2034,390,321.1333333333333
9880,60,75.16666666666667
17441,90,91.7
5711,80,52.266666666666666
928,40,47.53333333333333
19278,150,142.3
4528,60,54.233333333333334
8824,40,47.13333333333333
4116,50,52.46666666666667
3616,120,206.26666666666668
8842,60,49.86666666666667
5862,170,87.66666666666667
17863,120,276.76666666666665
11541,120,111.3
14508,50,50.53333333333333
4884,100,112.23333333333333
2141,30,26.933333333333334
16437,110,116.46666666666667
7217,90,114.76666666666667
10755,60,83.63333333333334
12956,50,65.46666666666667
7711,40,47.03333333333333
2647,40,43.03333333333333
18113,110,227.0
8332,90,74.93333333333334
19388,60,88.76666666666667
1034,440,468.26666666666665
10328,80,90.53333333333333
6177,60,63.8
4885,100,115.3
9842,60,53.833333333333336
10866,60,58.46666666666667
8223,130,137.23333333333332
6105,60,46.9
18932,60,52.13333333333333
13499,70,79.83333333333333
19321,90,81.06666666666666
10979,90,71.8
10299,50,48.233333333333334
16836,110,103.6
13003,50,49.6
11073,280,226.16666666666666
971,40,41.8
3310,300,267.06666666666666
2150,40,44.666666666666664
14493,50,52.56666666666667
3930,80,78.96666666666667
936,40,40.93333333333333
2777,40,43.333333333333336
7650,100,112.86666666666666
14608,70,65.26666666666667
13722,70,52.56666666666667
503,50,49.36666666666667
7944,80,138.9
2498,50,38.86666666666667
5945,40,46.733333333333334
5343,80,92.23333333333333
8144,50,44.166666666666664
7330,70,66.13333333333334
18118,120,132.76666666666668
15084,70,67.86666666666666
15249,40,48.166666666666664
2909,90,111.06666666666666
7048,390,334.2
12143,60,52.93333333333333
14856,100,102.5
10246,130,125.3
11852,50,58.46666666666667
19576,70,123.73333333333333
11788,70,67.83333333333333
13303,40,55.233333333333334
15008,80,68.23333333333333
6063,110,155.16666666666666
11968,80,117.03333333333333
10796,90,132.5
313,250,279.1333333333333
3857,100,72.0
1297,70,224.3
15010,70,61.666666666666664
16141,120,130.16666666666666
1350,40,45.0
7534,60,43.1
17290,110,104.76666666666667
16651,110,151.26666666666668
5683,50,46.46666666666667
12374,80,93.6
18526,50,51.0
3798,40,44.5
16508,90,175.06666666666666
3860,40,59.333333333333336
11327,100,84.36666666666666
6641,100,95.53333333333333
6323,80,144.5
17659,330,388.0
16317,50,55.96666666666667
17918,40,44.96666666666667
8582,50,61.1
15176,40,53.266666666666666
11811,60,70.46666666666667
9292,50,44.36666666666667
19481,50,51.2
8889,130,111.7
218,40,44.96666666666667
7250,40,40.5
6148,390,101.1
11333,120,85.63333333333334
8703,50,42.63333333333333
4548,50,59.4
17321,50,57.733333333333334
10671,110,145.7
4556,50,56.43333333333333
12571,50,58.233333333333334
10540,90,90.26666666666667
6677,40,36.56666666666667
8762,210,153.06666666666666
6165,50,110.5
3433,300,188.2
5102,40,40.2
1862,80,104.86666666666666
13962,120,120.16666666666667
14273,110,116.43333333333334
8816,100,86.66666666666667
11782,50,51.833333333333336
10021,50,62.43333333333333
5274,60,69.3
326,50,39.6
13571,60,54.166666666666664
5905,180,150.23333333333332
2699,50,59.1
13690,100,146.4
322,30,56.36666666666667
16833,90,95.03333333333333
6198,280,177.8
19454,130,121.8
14833,80,108.56666666666666
14283,50,59.03333333333333
3698,20,52.96666666666667
1052,50,44.93333333333333
15879,40,41.86666666666667
17486,50,50.7
15554,140,177.93333333333334
9066,240,272.4
19345,50,51.36666666666667
4634,90,110.1
11233,320,211.5
2724,400,292.06666666666666
3314,230,227.76666666666668
12906,90,79.6
5746,80,117.86666666666666
2167,40,46.96666666666667
2932,40,43.93333333333333
11315,70,83.2
9252,60,59.833333333333336
7567,40,46.6
6712,40,44.233333333333334
6202,210,171.16666666666666
4230,60,66.4
14525,60,66.4
1838,180,272.76666666666665
6206,120,129.56666666666666
3800,40,47.766666666666666
8507,120,158.3
11941,80,95.0
16350,70,102.6
13982,120,130.73333333333332
18625,50,55.03333333333333
1869,50,88.46666666666667
8973,20,40.266666666666666
13709,100,91.9
12302,40,55.733333333333334
2621,60,79.26666666666667
14439,50,36.43333333333333
2277,30,37.0
3421,70,88.33333333333333
3488,70,75.13333333333334
19460,440,159.26666666666668
15163,60,61.166666666666664
7858,50,45.1
4767,90,128.46666666666667
11848,60,58.9
4822,50,56.266666666666666
960,40,46.766666666666666
5761,90,119.63333333333334
15767,50,52.766666666666666
6428,180,88.76666666666667
7501,90,105.76666666666667
9331,90,91.7
9835,60,58.03333333333333
4347,130,122.7
4043,370,390.6
7882,50,82.93333333333334
12761,50,94.46666666666667
13824,100,185.46666666666667
12862,50,47.766666666666666
8040,70,115.56666666666666
14733,50,54.9
2605,70,129.0
14544,80,125.9
17080,60,74.3
10371,90,108.73333333333333
5222,60,57.6
17990,90,97.4
16247,50,57.6
12567,30,37.3
9883,110,97.53333333333333
19104,60,61.7
7163,60,102.93333333333334
17751,60,60.56666666666667
6162,50,84.2
15567,90,124.13333333333334
14016,50,66.36666666666666
11160,80,59.96666666666667
12340,80,80.86666666666666
13416,80,88.43333333333334
9047,230,266.23333333333335
15203,50,62.166666666666664
2730,110,124.06666666666666
11651,60,54.93333333333333
13546,310,192.46666666666667
8660,140,125.46666666666667
3043,300,292.3
19569,70,68.3
499,50,48.03333333333333
18001,140,186.76666666666668
341,40,37.333333333333336
18769,50,52.833333333333336
18198,50,52.86666666666667
12282,50,52.3
5809,50,43.56666666666667
4653,60,61.53333333333333
15256,50,54.166666666666664
7975,50,43.06666666666667
856,80,79.93333333333334
9577,50,48.166666666666664
19376,50,56.833333333333336
8846,50,56.6
14505,40,49.7
17735,100,109.2
15509,80,73.4
5921,400,141.36666666666667
6836,50,42.9
19178,70,71.1
6074,110,108.3
8586,280,131.4
11426,50,53.93333333333333
15045,60,66.86666666666666
3978,80,87.53333333333333
3755,70,214.33333333333334
4740,100,129.06666666666666
484,60,49.36666666666667
12793,90,125.16666666666667
8254,50,47.9
19179,60,68.03333333333333
4852,110,104.46666666666667
3073,50,43.0
6778,90,128.9
15653,60,62.53333333333333
17526,60,58.03333333333333
409,60,159.63333333333333
4989,50,199.13333333333333
2444,40,46.166666666666664
2602,90,75.36666666666666
14510,60,51.233333333333334
9364,420,419.56666666666666
11150,40,59.233333333333334
878,90,115.43333333333334
718,70,116.4
12283,50,50.9
14930,100,158.93333333333334
18846,220,250.36666666666667
18879,110,111.16666666666667
9529,110,122.83333333333333
6145,30,131.4
19286,140,137.46666666666667
19583,470,421.3333333333333
19361,50,50.7
19585,620,367.23333333333335
4977,40,52.56666666666667
9913,120,121.4
2325,30,37.03333333333333
1534,30,129.7
14276,90,97.5
8801,350,155.93333333333334
16144,150,122.1
6271,30,36.7
8439,50,53.266666666666666
466,50,51.2
3920,70,66.9
4296,50,78.46666666666667
9625,60,79.2
17853,110,115.9
5272,70,69.26666666666667
15366,90,84.0
7721,30,47.766666666666666
9558,40,51.2
15221,50,52.7
9923,80,81.23333333333333
1272,80,66.13333333333334
11680,40,65.8
6503,100,111.43333333333334
2315,40,41.6
8909,70,50.9
16904,50,55.2
2414,40,42.266666666666666
13137,70,60.766666666666666
15803,290,275.26666666666665
19707,250,238.6
5143,390,156.6
2177,30,30.1
7749,70,89.6
17382,60,67.43333333333334
738,120,163.13333333333333
6268,50,40.166666666666664
11856,60,55.766666666666666
17223,60,60.1
10048,60,65.63333333333334
385,70,164.13333333333333
3263,230,209.23333333333332
10519,160,141.86666666666667
438,90,137.33333333333334
7341,90,84.53333333333333
3702,50,65.06666666666666
9157,330,122.26666666666667
4985,80,59.13333333333333
14641,400,367.73333333333335
19210,60,50.93333333333333
16869,100,104.26666666666667
10977,80,76.0
11709,40,43.63333333333333
6076,70,94.96666666666667
5784,90,96.96666666666667
16727,80,102.0
8743,70,98.1
6357,120,137.0
13911,80,60.833333333333336
15033,70,62.46666666666667
5732,70,144.13333333333333
7466,430,116.03333333333333
10182,50,43.03333333333333
11800,60,66.26666666666667
14970,60,73.63333333333334
221,20,47.3
424,50,82.9
2766,90,93.93333333333334
19005,90,110.6
18685,80,95.43333333333334
16780,50,49.56666666666667
828,180,256.0
210,50,43.8
7827,50,45.666666666666664
17000,50,76.16666666666667
9758,650,360.96666666666664
8665,90,97.0
7638,90,119.2
2480,20,35.13333333333333
6670,50,45.53333333333333
8944,80,109.96666666666667
9264,30,50.46666666666667
4821,60,58.53333333333333
8454,210,142.46666666666667
16632,60,53.166666666666664
2585,30,35.833333333333336
15068,60,68.56666666666666
15046,70,68.06666666666666
4724,100,160.26666666666668
5887,110,103.43333333333334
6350,100,95.96666666666667
1712,140,164.46666666666667
10508,130,106.36666666666666
17711,270,269.1
14625,50,61.9
115,190,136.46666666666667
10496,60,47.1
59,40,38.233333333333334
10679,110,120.03333333333333
12134,60,61.2
5215,70,75.4
10090,560,133.83333333333334
8211,40,58.86666666666667
12277,60,54.5
8354,100,98.9
9958,110,117.33333333333333
17132,70,88.5
6613,50,110.6
8776,90,72.76666666666667
5384,50,50.4
2380,40,41.233333333333334
8870,60,51.766666666666666
12114,90,108.1
18641,50,56.46666666666667
13653,100,86.5
13320,90,66.93333333333334
8398,60,58.86666666666667
16695,80,104.43333333333334
12510,60,57.56666666666667
7094,40,48.36666666666667
1994,60,50.6
3405,60,66.1
2393,30,42.96666666666667
1114,40,42.9
17530,60,89.53333333333333
9163,60,78.96666666666667
4921,110,134.13333333333333
4410,50,87.36666666666666
2439,20,28.433333333333334
12162,60,58.1
14919,70,80.63333333333334
17908,60,54.0
16679,80,106.36666666666666
7976,50,43.36666666666667
11570,20,39.9
8310,70,207.0
5277,60,62.833333333333336
1182,120,92.8
4197,140,173.26666666666668
3415,40,64.03333333333333
10963,80,78.06666666666666
18014,100,109.26666666666667
7125,20,32.93333333333333
5654,50,47.13333333333333
8203,50,47.3
2117,40,48.5
19264,110,110.36666666666666
200,50,43.1
18618,40,51.733333333333334
10743,50,60.36666666666667
19731,90,191.76666666666668
14452,60,54.833333333333336
17782,60,58.4
4165,240,154.36666666666667
19031,120,138.93333333333334
18202,70,51.666666666666664
9995,50,47.9
11617,110,100.6
15355,70,66.23333333333333
13748,40,50.6
10585,40,54.7
18144,90,113.7
7403,50,45.1
8565,30,37.13333333333333
8481,40,53.56666666666667
7840,50,46.4
803,50,83.9
16705,90,97.03333333333333
9300,60,62.233333333333334
2878,400,136.4
11037,70,71.36666666666666
9389,90,92.96666666666667
2937,30,34.6
16901,50,52.56666666666667
10359,70,87.83333333333333
6377,70,57.6
3274,410,218.36666666666667
19458,110,145.83333333333334
10063,30,48.666666666666664
17809,80,85.93333333333334
2885,140,171.76666666666668
8885,120,111.06666666666666
1530,40,63.8
9375,140,166.9
10790,70,81.9
5248,70,56.9
2998,420,255.16666666666666
6070,120,166.83333333333334
15817,270,251.23333333333332
3449,90,87.46666666666667
10279,40,46.233333333333334
3105,50,47.666666666666664
3910,100,119.9
12876,60,56.733333333333334
1739,90,81.03333333333333
7428,40,49.666666666666664
8628,50,57.03333333333333
16386,60,84.56666666666666
6631,110,107.46666666666667
7555,50,46.56666666666667
9691,50,53.36666666666667
8272,50,52.266666666666666
11566,50,45.9
14483,30,45.9
11636,30,59.233333333333334
16993,50,85.3
2959,20,38.86666666666667
13214,40,54.5
6311,50,66.16666666666667
7353,260,227.93333333333334
18918,50,52.13333333333333
8076,190,208.36666666666667
19405,50,57.9
2026,50,53.46666666666667
12308,50,55.2
10444,50,50.333333333333336
3461,80,111.1
13387,90,97.8
16625,50,58.266666666666666
14766,60,50.93333333333333
13473,70,66.23333333333333
19556,260,254.5
19346,50,51.86666666666667
16791,260,194.8
5719,270,213.3
14293,50,45.63333333333333
16328,60,53.0
9987,50,52.9
10140,20,37.166666666666664
8344,120,109.3
14091,50,51.8
2814,40,43.56666666666667
16414,70,87.4
15714,120,101.36666666666666
5903,50,148.76666666666668
15974,110,117.06666666666666
9457,60,149.23333333333332
4303,70,75.6
5245,60,42.06666666666667
14455,50,49.8
16860,120,112.86666666666666
7365,130,127.2
5572,70,84.86666666666666
13398,250,215.16666666666666
5548,20,40.96666666666667
16778,50,51.5
18531,40,36.7
10609,370,366.26666666666665
7405,50,47.36666666666667
8063,50,86.86666666666666
5758,90,112.03333333333333
14035,30,49.63333333333333
8722,50,46.666666666666664
10628,240,235.6
9948,240,199.26666666666668
8374,130,130.2
1710,150,163.96666666666667
6267,40,42.0
11245,120,151.93333333333334
9771,270,245.0
8132,50,43.86666666666667
8932,80,157.83333333333334
8969,50,50.0
18054,50,57.166666666666664
17861,570,351.3
15429,100,117.3
14513,60,53.7
4974,60,55.7
11846,50,56.666666666666664
6946,60,56.53333333333333
8858,60,53.36666666666667
1321,390,369.76666666666665
18958,490,177.93333333333334
6725,290,168.7
3070,60,57.266666666666666
11524,440,231.33333333333334
5129,40,80.83333333333333
19710,190,170.9
14700,110,221.26666666666668
17585,120,122.46666666666667
1419,360,152.03333333333333
15629,60,54.266666666666666
257,50,46.93333333333333
7085,110,104.46666666666667
14827,80,83.76666666666667
4745,70,91.96666666666667
19292,140,138.2
17004,50,76.9
2408,40,33.86666666666667
17381,70,73.7
8248,40,38.266666666666666
6442,80,131.63333333333333
6237,50,48.233333333333334
8195,20,89.13333333333334
14222,50,50.93333333333333
1396,50,116.46666666666667
11213,120,115.26666666666667
16924,50,56.43333333333333
346,40,45.03333333333333
6510,70,75.63333333333334
17036,50,57.733333333333334
7828,50,45.0
5865,60,67.46666666666667
15065,70,72.6
4226,70,70.46666666666667
14165,50,43.3
7051,270,268.06666666666666
13685,90,218.56666666666666
8753,170,152.5
10804,100,126.03333333333333
15612,50,52.766666666666666
1611,30,31.166666666666668
15175,60,54.2
1456,120,164.73333333333332
5554,40,45.93333333333333
2783,40,46.9
10010,60,51.13333333333333
11198,60,60.233333333333334
17979,260,118.63333333333334
16995,60,91.9
10856,60,61.0
11167,30,45.266666666666666
4202,130,144.0
3204,40,53.266666666666666
1624,20,32.5
15437,70,69.46666666666667
103,500,217.63333333333333
2859,130,188.96666666666667
14045,60,59.2
7702,50,46.233333333333334
4338,110,137.3
8523,80,100.16666666666667
8764,130,132.26666666666668
14709,110,108.13333333333334
11836,50,53.06666666666667
13219,60,56.8
119,90,211.83333333333334
2946,50,52.1
7703,40,39.03333333333333
7198,40,42.833333333333336
3656,40,44.43333333333333
13889,50,54.233333333333334
18170,70,67.53333333333333
14015,70,62.833333333333336
1453,590,457.8
5512,50,46.9
18055,70,57.93333333333333
3519,40,44.1
10953,160,182.93333333333334
19650,60,59.13333333333333
12233,180,247.53333333333333
3125,50,64.33333333333333
1261,70,124.1
3725,50,58.8
6955,70,50.233333333333334
57,50,42.7
13636,70,253.33333333333334
5915,120,235.9
15716,120,103.63333333333334
12056,220,210.0
3295,420,183.06666666666666
6734,110,175.4
6602,60,170.33333333333334
4510,60,49.8
7321,40,93.23333333333333
9988,50,53.1
3821,30,38.86666666666667
11677,50,62.9
9380,140,142.63333333333333
11127,40,48.63333333333333
1444,30,46.0
10629,80,166.66666666666666
10419,50,50.666666666666664
5211,110,97.03333333333333
6935,100,108.33333333333333
14479,120,62.6
2616,80,80.63333333333334
3559,40,46.6
14507,30,49.13333333333333
3366,50,41.63333333333333
14320,60,54.666666666666664
18152,100,154.1
17002,50,85.1
16162,80,59.733333333333334
8781,80,86.2
15793,190,217.9
10911,70,79.66666666666667
379,80,177.66666666666666
12957,70,64.26666666666667
17272,60,60.96666666666667
8805,230,219.56666666666666
12030,60,75.33333333333333
5000,740,314.46666666666664
14461,50,45.1
13064,80,86.5
17555,40,60.266666666666666
15231,50,50.96666666666667
18868,90,164.76666666666668
6497,120,121.0
2450,40,45.333333333333336
5764,90,150.2
2301,40,48.7
13154,50,50.9
7536,50,46.666666666666664
1092,30,47.36666666666667
17448,70,82.33333333333333
5817,40,36.833333333333336
14155,40,54.46666666666667
7588,50,50.1
1227,50,42.6
17314,60,54.86666666666667
18789,50,58.0
4344,130,153.43333333333334
10201,60,47.0
3633,50,51.03333333333333
6699,60,43.2
15100,50,55.36666666666667
12369,120,96.73333333333333
12564,50,47.86666666666667
2571,30,32.4
12774,60,91.06666666666666
15508,60,66.23333333333333
4999,270,211.63333333333333
3589,50,49.266666666666666
10268,50,55.0
17109,190,140.56666666666666
7324,100,79.16666666666667
8153,50,58.43333333333333
17925,60,45.63333333333333
5100,40,43.96666666666667
251,40,66.3
10525,90,129.5
19387,110,94.16666666666667
11361,110,91.43333333333334
13073,100,93.06666666666666
13755,50,56.06666666666667
12204,80,152.56666666666666
8233,100,104.03333333333333
9618,130,91.33333333333333
16698,70,73.83333333333333
15880,30,52.333333333333336
6385,30,29.033333333333335
16539,20,59.86666666666667
6888,50,59.9
15311,50,48.0
3947,40,44.43333333333333
88,70,76.43333333333334
18974,410,349.93333333333334
7231,60,81.8
17792,50,65.1
8739,50,53.93333333333333
11019,50,58.2
4438,160,122.9
4981,50,50.766666666666666
1027,430,270.3333333333333
15241,50,53.1
4902,100,118.56666666666666
8390,60,57.53333333333333
8142,50,45.93333333333333
18003,200,229.3
13419,50,52.96666666666667
14963,70,66.7
9816,100,102.76666666666667
9249,50,61.766666666666666
18147,110,319.1666666666667
10431,50,45.766666666666666
6551,50,42.93333333333333
10809,100,144.8
7518,40,64.76666666666667
12745,50,56.96666666666667
9051,230,356.2
11535,110,120.63333333333334
13101,90,102.86666666666666
10760,120,260.93333333333334
11914,50,67.8
3,50,63.166666666666664
13784,80,172.93333333333334
15602,50,55.03333333333333
15925,60,59.36666666666667
4265,60,71.76666666666667
4525,60,55.266666666666666
14228,40,56.333333333333336
14672,90,147.63333333333333
16078,50,51.13333333333333
15143,90,103.06666666666666
344,40,43.36666666666667
10522,190,209.33333333333334
4881,100,108.93333333333334
8610,90,93.6
4254,70,66.43333333333334
6977,40,47.733333333333334
2129,40,40.96666666666667
5453,50,57.333333333333336
6387,40,44.233333333333334
15109,70,64.13333333333334
3958,50,44.43333333333333
10556,60,53.86666666666667
3015,280,326.1333333333333
19131,50,59.36666666666667
12066,140,328.3
17781,60,58.43333333333333
15464,50,55.13333333333333
18388,80,67.0
7144,50,75.43333333333334
42,40,47.266666666666666
1162,120,214.13333333333333
2214,40,42.666666666666664
8262,30,36.86666666666667
19112,40,51.46666666666667
7814,50,48.266666666666666
2195,310,266.56666666666666
3120,60,69.16666666666667
795,50,41.5
6153,80,98.23333333333333
3926,80,76.26666666666667
12033,60,72.03333333333333
6599,370,309.6333333333333
15958,90,98.33333333333333
1807,30,30.933333333333334
10388,120,140.96666666666667
14250,50,54.46666666666667
18485,60,50.833333333333336
14593,50,58.833333333333336
5948,50,59.9
18161,120,113.2
4119,50,80.03333333333333
13701,110,118.6
4307,120,98.76666666666667
13647,100,205.8
2559,20,26.433333333333334
12781,70,91.76666666666667
14732,60,53.733333333333334
2279,20,38.46666666666667
5553,50,43.233333333333334
46,310,57.36666666666667
19565,70,80.26666666666667
4936,50,56.8
16344,70,62.86666666666667
911,50,45.833333333333336
18353,50,55.833333333333336
14134,120,117.6
12123,70,62.5
4739,100,129.46666666666667
1427,40,61.13333333333333
7157,50,60.333333333333336
8977,50,49.03333333333333
2267,40,44.96666666666667
980,40,45.1
9571,40,51.6
9778,90,119.5
9936,70,192.26666666666668
17245,60,57.93333333333333
5028,70,83.23333333333333
12307,60,53.06666666666667
1527,50,55.0
15112,60,61.833333333333336
11647,40,63.06666666666667
17241,60,52.8
19013,160,174.1
11433,50,53.63333333333333
5023,310,219.4
9610,50,59.63333333333333
9084,80,260.8
13966,150,181.66666666666666
4475,750,359.1
351,50,40.63333333333333
1493,40,48.233333333333334
1905,390,123.2
12429,60,53.0
7442,160,71.3
8649,100,168.13333333333333
16763,60,55.43333333333333
9405,50,54.53333333333333
10454,50,64.03333333333333
12008,50,53.266666666666666
4622,110,121.36666666666666
11578,50,51.46666666666667
17428,110,110.33333333333333
5561,40,75.66666666666667
3649,50,45.266666666666666
18211,50,50.56666666666667
7276,40,35.8
1084,40,47.53333333333333
12160,60,60.56666666666667
4794,50,54.63333333333333
19477,50,56.4
17050,50,57.13333333333333
13583,50,55.3
5657,40,51.13333333333333
17458,70,54.03333333333333
12918,70,90.83333333333333
6126,60,48.266666666666666
2145,40,29.633333333333333
10943,60,80.96666666666667
14861,70,71.3
12644,130,141.4
6292,90,67.6
8164,20,44.833333333333336
5022,60,197.03333333333333
5348,80,72.93333333333334
708,70,94.03333333333333
7070,90,134.53333333333333
3752,80,128.26666666666668
9547,40,41.56666666666667
10159,70,49.63333333333333
13431,50,52.43333333333333
10802,110,130.86666666666667
688,50,57.93333333333333
9016,30,65.36666666666666
15216,60,51.93333333333333
15935,200,94.86666666666666
11325,80,82.93333333333334
8229,90,105.3
2805,30,34.43333333333333
8341,110,104.53333333333333
11967,90,125.6
14044,50,75.13333333333334
13497,70,84.76666666666667
14685,270,231.1
4128,70,165.8
7575,20,45.63333333333333
5483,230,282.43333333333334
7176,60,68.73333333333333
14431,50,55.53333333333333
4779,80,79.16666666666667
4279,70,87.7
19378,80,64.7
7745,50,81.53333333333333
5018,270,269.6
15376,70,54.1
16902,50,53.266666666666666
12938,60,61.1
11282,60,56.86666666666667
7722,50,53.13333333333333
16329,60,57.03333333333333
15299,60,53.2
10687,70,75.63333333333334
16231,60,50.36666666666667
7161,50,64.9
1512,20,31.533333333333335
17442,100,96.56666666666666
4189,690,310.8333333333333
16811,120,182.66666666666666
7306,130,140.1
4084,50,45.2
6824,50,57.733333333333334
6466,300,126.93333333333334
11399,100,118.93333333333334
11086,100,134.06666666666666
8057,260,225.46666666666667
8174,70,57.766666666666666
6506,70,66.7
11011,60,57.233333333333334
9705,50,48.233333333333334
15490,60,77.26666666666667
14986,110,118.06666666666666
15274,70,111.36666666666666
19453,120,128.86666666666667
16555,50,57.06666666666667
4168,210,164.83333333333334
8892,130,125.26666666666667
8607,50,64.23333333333333
4596,80,147.93333333333334
15579,50,51.333333333333336
1704,120,157.7
11152,50,58.9
2624,70,68.23333333333333
15050,60,92.96666666666667
9710,50,53.766666666666666
10107,140,105.96666666666667
11640,50,46.166666666666664
15424,90,113.66666666666667
2232,20,30.633333333333333
4072,60,61.7
10520,560,208.93333333333334
13717,50,56.5
5671,50,49.46666666666667
16552,60,54.833333333333336
1147,40,46.6
10862,60,64.76666666666667
12526,50,56.8
1554,40,41.5
18753,60,51.5
3643,50,47.6
14504,70,57.6
12518,60,49.233333333333334
12691,120,145.96666666666667
5605,330,145.53333333333333
18717,60,76.7
2392,40,43.46666666666667
12004,60,53.833333333333336
16801,210,161.53333333333333
18318,60,64.3
14545,120,158.66666666666666
2796,60,41.03333333333333
16717,110,118.86666666666666
4037,300,322.0
2127,20,37.7
13334,50,80.86666666666666
13054,60,53.8
11352,110,102.43333333333334
3315,120,204.63333333333333
8198,50,51.766666666666666
14807,90,107.06666666666666
13733,50,54.5
8968,50,50.93333333333333
7177,60,73.4
1911,30,36.13333333333333
17419,70,83.83333333333333
6346,120,124.4
9236,120,150.96666666666667
12073,280,301.96666666666664
9463,80,121.8
11131,60,52.93333333333333
8570,50,46.5
15999,170,111.0
16143,140,124.3
11453,30,47.9
11866,70,61.733333333333334
12535,50,70.1
7772,340,345.1333333333333
10863,60,63.2
11075,190,191.46666666666667
10477,70,68.03333333333333
16720,150,139.53333333333333
563,60,72.23333333333333
16923,60,54.36666666666667
8769,110,101.03333333333333
15015,70,74.2
13314,50,51.8
13707,100,85.4
10376,210,223.73333333333332
826,100,126.7
13457,60,57.8
8823,30,50.666666666666664
1346,60,49.1
290,90,87.46666666666667
4441,80,117.13333333333334
17745,50,55.6
13151,60,52.03333333333333
19575,50,104.93333333333334
2545,20,40.53333333333333
18593,100,130.7
4731,100,113.43333333333334
2483,20,39.7
12701,60,44.86666666666667
11121,50,60.7
10018,370,69.26666666666667
4456,110,118.7
17395,50,97.8
1901,90,96.96666666666667
1606,40,51.9
4848,430,85.4
14176,60,45.13333333333333
16261,50,53.03333333333333
19216,60,53.63333333333333
19340,60,51.3
6180,40,85.8
10612,60,188.96666666666667
19413,50,59.7
7826,50,46.8
16226,20,40.46666666666667
13589,50,50.03333333333333
13069,90,89.23333333333333
15150,60,66.93333333333334
4755,90,85.63333333333334
4115,40,48.233333333333334
8206,50,58.36666666666667
9924,80,81.1
3545,50,36.333333333333336
8136,40,45.1
17405,70,83.1
19100,50,55.43333333333333
16088,50,51.86666666666667
11924,50,67.13333333333334
8473,70,103.2
16600,60,55.86666666666667
16450,50,51.06666666666667
19068,50,55.8
5306,60,76.66666666666667
17817,100,173.13333333333333
1981,50,47.93333333333333
6707,60,46.4
12414,50,51.13333333333333
17516,50,61.766666666666666
19074,50,50.13333333333333
2247,110,136.93333333333334
8279,50,40.0
19399,100,76.63333333333334
5446,90,102.96666666666667
852,100,85.8
467,50,49.93333333333333
8256,50,48.06666666666667
19088,50,70.16666666666667
18000,360,211.7
19101,50,62.7
13896,50,59.733333333333334
736,290,244.46666666666667
11368,90,94.93333333333334
16737,50,51.766666666666666
2084,50,45.666666666666664
13241,50,94.16666666666667
1290,80,74.0
450,90,132.0
10946,60,87.3
7386,50,50.266666666666666
10294,60,52.96666666666667
10104,140,121.26666666666667
4024,280,291.2
1429,50,56.9
16643,70,82.93333333333334
12055,240,275.8666666666667
9708,60,51.2
1144,20,45.2
9004,20,40.166666666666664
17631,60,55.53333333333333
15863,80,79.56666666666666
4750,100,98.43333333333334
7541,50,45.46666666666667
3302,130,140.5
18547,50,64.73333333333333
7046,580,288.9
3965,20,40.333333333333336
16126,90,150.06666666666666
14710,100,108.96666666666667
15947,90,78.4
16595,50,52.96666666666667
7149,50,72.0
1123,40,45.9
4110,50,53.166666666666664
17677,600,233.76666666666668
16315,50,50.56666666666667
1522,30,38.4
2308,30,31.8
6874,50,59.766666666666666
5576,170,357.1333333333333
8059,220,192.86666666666667
11573,60,55.333333333333336
4914,110,125.4
17426,80,106.03333333333333
15322,50,50.46666666666667
35,60,157.63333333333333
15456,60,47.733333333333334
5219,50,52.2
19684,580,248.9
12246,380,380.06666666666666
18787,60,58.06666666666667
16099,70,71.23333333333333
8599,70,73.9
3376,20,39.03333333333333
9367,590,532.1666666666666
14363,60,71.8
12203,70,172.03333333333333
15391,60,70.0
323,30,42.46666666666667
5716,40,53.8
18482,50,52.8
11235,350,285.9
9798,110,109.36666666666666
5687,50,47.5
7290,230,133.53333333333333
13819,300,285.8666666666667
17894,50,47.3
4629,100,113.56666666666666
4463,100,139.86666666666667
5642,40,42.1
12715,60,49.733333333333334
6866,90,80.06666666666666
11051,210,210.56666666666666
9382,140,138.6
16808,120,159.63333333333333
5227,60,48.2
19138,70,60.36666666666667
16788,50,68.7
13205,50,62.93333333333333
13186,50,62.3
6056,230,229.76666666666668
15090,60,67.83333333333333
15290,80,78.8
9192,130,101.13333333333334
19037,70,81.83333333333333
17618,50,53.8
15284,100,104.06666666666666
2199,370,288.76666666666665
19154,240,314.76666666666665
8114,50,60.333333333333336
13071,90,91.4
16069,80,106.56666666666666
2312,40,39.56666666666667
7139,30,46.333333333333336
18373,50,71.33333333333333
18663,70,113.6
14720,50,58.96666666666667
5333,80,91.16666666666667
1535,80,181.4
3846,30,97.7
14034,30,44.833333333333336
5954,50,58.63333333333333
3143,50,84.16666666666667
10735,60,56.4
9776,100,134.6
3474,100,121.86666666666666
7484,70,77.5
15991,440,378.56666666666666
423,50,76.63333333333334
2065,30,37.36666666666667
9617,50,84.83333333333333
13940,150,128.13333333333333
19402,80,65.33333333333333
3265,320,198.9
3256,60,84.43333333333334
16870,70,85.2
13305,50,52.9
13259,300,306.2
4877,80,110.8
16097,50,61.3
9720,30,36.3
7897,80,90.86666666666666
6723,70,161.3
18599,90,97.36666666666666
4600,110,121.5
10650,200,252.7
16384,80,78.96666666666667
16781,50,47.96666666666667
16574,110,105.23333333333333
1355,60,45.766666666666666
7387,50,50.9
6659,40,45.166666666666664
17513,70,88.76666666666667
2641,40,37.93333333333333
15851,70,91.63333333333334
2265,20,35.9
15665,470,448.06666666666666
15662,60,256.3
2225,40,42.03333333333333
1978,50,52.46666666666667
6423,40,76.7
217,50,46.4
1443,20,43.166666666666664
15421,100,128.2
265,20,30.4
19002,90,100.3
17906,50,53.5
13570,60,54.7
10583,50,54.36666666666667
7582,50,51.53333333333333
13936,100,150.16666666666666
18505,80,50.5
7159,40,83.2
12273,50,48.9
14847,110,117.96666666666667
11044,140,120.1
2334,50,42.9
2174,40,33.13333333333333
12467,120,68.2
12786,80,94.43333333333334
14987,100,111.06666666666666
10007,60,54.7
10795,50,82.93333333333334
11545,40,60.6
12953,60,56.7
5331,70,83.4
13298,50,58.03333333333333
3062,50,55.333333333333336
14819,110,109.16666666666667
2119,40,43.9
3208,70,57.3
15559,560,430.7
2910,100,118.66666666666667
387,180,176.4
12736,60,50.3
4577,680,342.3333333333333
4032,120,216.86666666666667
1035,280,299.43333333333334
16592,70,56.733333333333334
11751,30,38.333333333333336
2111,20,33.1
11760,50,59.86666666666667
11191,80,78.03333333333333
4509,60,67.63333333333334
8046,270,280.1
1163,120,212.3
2740,590,392.56666666666666
3477,100,113.2
4031,120,207.9
5071,70,78.5
12093,450,308.4
2767,70,87.3
2678,20,54.833333333333336
8317,60,87.03333333333333
18860,110,145.36666666666667
11386,220,245.26666666666668
8829,60,52.766666666666666
14687,120,176.4
3481,110,192.96666666666667
16628,50,48.96666666666667
10158,60,46.833333333333336
9334,100,157.5
8268,40,46.733333333333334
17,70,100.6
12658,90,105.13333333333334
17730,140,137.03333333333333
1328,160,157.33333333333334
12009,40,53.1
705,70,79.66666666666667
278,30,41.166666666666664
13055,50,58.3
5970,50,47.36666666666667
11124,40,45.7
3585,30,38.166666666666664
18716,30,64.4
273,40,44.166666666666664
6831,40,39.43333333333333
16036,50,43.1
513,50,47.43333333333333
13963,180,147.03333333333333
2516,50,40.733333333333334
18796,50,56.2
11424,50,56.233333333333334
5046,100,147.56666666666666
16809,360,196.43333333333334
4630,110,116.63333333333334
8474,70,140.5
9384,130,122.96666666666667
13242,70,109.76666666666667
13243,60,112.13333333333334
3230,40,46.266666666666666
7881,40,59.86666666666667
7097,40,56.733333333333334
18633,20,43.6
9651,80,86.7
14019,80,64.03333333333333
4411,70,89.7
14169,50,49.833333333333336
17531,60,51.86666666666667
17722,310,287.1
3615,100,187.96666666666667
5474,80,84.3
9976,30,49.36666666666667
6459,280,286.6
16578,100,96.7
11544,40,72.0
8355,130,149.76666666666668
16037,50,35.8
5350,100,95.8
10447,80,52.0
17436,90,106.3
15410,90,96.16666666666667
8608,50,73.23333333333333
12287,60,53.8
7911,90,84.76666666666667
11025,50,45.4
9478,60,82.7
6690,60,48.1
3769,90,95.2
3921,60,67.8
1599,40,36.4
8766,110,122.73333333333333
19733,420,296.26666666666665
14146,50,52.666666666666664
10684,110,103.7
3018,230,248.63333333333333
12921,100,143.23333333333332
6424,40,85.0
1730,410,316.3333333333333
15455,50,49.93333333333333
4304,60,82.63333333333334
5199,120,133.93333333333334
13072,110,92.36666666666666
5971,20,44.3
9250,40,60.6
3269,90,176.16666666666666
4625,100,103.93333333333334
3233,60,59.53333333333333
13215,40,52.266666666666666
8241,40,49.9
18165,80,116.06666666666666
17754,50,59.43333333333333
9504,100,157.8
15875,50,59.63333333333333
6383,50,49.36666666666667
970,30,38.53333333333333
19568,70,71.6
1580,30,30.9
8559,60,43.63333333333333
11644,60,65.6
2578,50,37.8
14630,340,171.53333333333333
10777,80,132.5
5160,70,82.83333333333333
8952,100,105.66666666666667
16599,50,56.233333333333334
14812,130,167.26666666666668
18132,100,142.66666666666666
16213,50,67.96666666666667
17783,70,59.333333333333336
11492,90,100.3
10548,50,56.2
12007,30,55.46666666666667
2250,60,75.53333333333333
4400,50,48.2
11090,140,273.4
3189,90,108.56666666666666
10774,130,205.6
2503,40,40.5
17149,110,160.03333333333333
733,390,295.56666666666666
2797,50,41.8
16334,50,35.6
14515,50,51.9
18703,70,58.5
15014,80,70.96666666666667
4518,50,38.8
13540,310,389.6666666666667
8730,30,70.13333333333334
12061,470,308.93333333333334
8410,50,51.333333333333336
6427,260,108.9
10415,50,57.333333333333336
3668,30,38.56666666666667
5848,50,65.93333333333334
7615,80,154.73333333333332
15354,50,78.7
19421,70,82.43333333333334
12128,80,69.5
18057,60,59.833333333333336
7747,90,86.23333333333333
4738,100,129.13333333333333
15849,70,108.66666666666667
18277,40,53.4
10597,90,63.96666666666667
3000,80,165.06666666666666
15179,50,54.333333333333336
5702,40,48.266666666666666
17904,50,53.0
11791,60,57.63333333333333
12656,70,97.33333333333333
16326,50,51.733333333333334
18512,70,60.833333333333336
8426,50,48.9
2112,40,38.0
10902,80,93.23333333333333
7997,20,29.733333333333334
9809,120,114.96666666666667
10262,40,54.2
5900,100,101.26666666666667
7535,40,45.63333333333333
7488,240,171.0
3739,70,216.03333333333333
5748,80,99.96666666666667
4462,110,141.26666666666668
4258,60,68.53333333333333
16795,90,119.13333333333334
18963,130,108.96666666666667
3352,60,61.36666666666667
7015,50,251.23333333333332
12334,80,107.0
15094,80,62.833333333333336
13813,100,168.4
12305,50,51.56666666666667
19625,60,60.93333333333333
977,40,42.733333333333334
13928,690,344.8333333333333
15551,120,128.4
14402,70,158.7
651,30,43.1
14392,50,89.7
11696,40,54.1
19233,70,81.7
17236,50,52.833333333333336
3434,70,138.56666666666666
11417,50,41.8
2270,40,43.1
3068,60,62.7
17446,70,91.06666666666666
5259,50,52.3
4874,90,174.66666666666666
11099,260,227.56666666666666
16049,50,51.7
1288,80,78.33333333333333
6541,20,36.6
17037,50,59.2
5834,40,44.56666666666667
7981,30,32.6
17474,60,55.43333333333333
1815,50,60.6
13372,100,88.2
5426,90,126.3
14021,70,61.333333333333336
6399,40,41.03333333333333
2879,130,166.93333333333334
327,50,40.733333333333334
14533,60,60.333333333333336
15652,60,59.1
6600,170,241.83333333333334
5031,50,58.266666666666666
18341,60,54.86666666666667
1962,50,57.833333333333336
9737,60,60.833333333333336
13306,50,53.666666666666664
18655,50,57.43333333333333
12985,110,87.1
4449,100,118.73333333333333
1383,40,64.8
6525,40,45.233333333333334
13345,60,70.3
11032,60,71.0
3894,60,103.56666666666666
19143,60,86.33333333333333
7639,90,111.66666666666667
9450,40,137.36666666666667
3776,80,83.56666666666666
10031,380,153.53333333333333
16372,50,68.93333333333334
18992,110,103.83333333333333
16617,60,46.96666666666667
14927,70,123.2
8631,30,48.56666666666667
17960,80,143.9
169,60,52.96666666666667
18947,60,62.56666666666667
14656,250,239.23333333333332
19212,50,51.333333333333336
7712,50,43.96666666666667
10904,80,100.1
4972,60,56.6
12491,50,54.86666666666667
7473,60,194.5
6306,70,73.96666666666667
3617,100,202.06666666666666
12141,60,53.13333333333333
18370,50,64.13333333333334
6290,60,77.16666666666667
15501,70,95.23333333333333
16966,60,57.166666666666664
5852,40,51.2
10926,60,57.833333333333336
6422,60,74.13333333333334
3128,60,66.8
1768,80,53.0
18764,40,48.5
12303,50,52.86666666666667
14158,60,49.266666666666666
12442,50,53.46666666666667
5549,40,38.1
17183,50,50.333333333333336
11770,30,41.1
7439,60,68.83333333333333
13634,130,269.4
11724,50,48.6
19441,80,114.63333333333334
13603,60,52.266666666666666
16839,110,102.7
11858,60,50.833333333333336
2189,70,65.16666666666667
2743,250,247.96666666666667
7506,100,112.66666666666667
13285,70,64.73333333333333
2812,40,45.4
18735,70,69.33333333333333
3528,40,41.46666666666667
17804,70,137.4
6590,50,87.3
7775,70,133.13333333333333
14416,120,126.2
5183,40,69.83333333333333
3077,50,48.93333333333333
1397,40,107.56666666666666
6433,350,140.16666666666666
11244,110,165.86666666666667
6069,110,151.8
1006,40,53.766666666666666
9919,230,130.66666666666666
8319,30,78.46666666666667
2238,40,42.56666666666667
5502,80,94.1
4505,60,69.16666666666667
3508,40,46.36666666666667
5638,50,62.1
16026,50,53.63333333333333
11768,50,42.13333333333333
8421,50,41.06666666666667
4836,50,50.86666666666667
10505,50,67.73333333333333
7696,40,48.46666666666667
7472,60,141.66666666666666
18496,60,48.233333333333334
2864,90,119.0
13018,60,52.7
16417,90,117.53333333333333
447,100,223.36666666666667
18379,70,78.76666666666667
7553,30,38.766666666666666
5601,50,136.3
14880,60,57.2
18668,170,127.6
3011,430,405.26666666666665
14258,90,111.76666666666667
16178,30,33.43333333333333
12624,330,175.6
2008,50,45.733333333333334
10206,40,57.766666666666666
17710,290,336.76666666666665
13781,50,105.93333333333334
9683,40,37.766666666666666
10590,40,37.733333333333334
18521,50,69.2
10301,60,77.56666666666666
8658,100,109.83333333333333
11450,50,47.9
7267,30,49.4
2085,50,44.333333333333336
5282,80,92.53333333333333
2698,60,76.1
11746,60,50.5
15091,70,66.0
19034,100,98.0
17331,50,61.03333333333333
14936,100,101.46666666666667
7020,430,309.06666666666666
17666,70,96.4
3282,340,242.76666666666668
10219,50,50.9
11359,80,87.5
8993,50,48.8
3784,60,37.96666666666667
1747,90,108.73333333333333
7921,50,88.06666666666666
10961,80,87.2
15116,70,89.46666666666667
11622,90,278.2
8902,60,69.36666666666666
6627,40,64.36666666666666
14272,110,119.16666666666667
14181,50,50.4
10834,100,70.96666666666667
11681,50,56.8
6,60,61.46666666666667
695,90,104.96666666666667
19501,50,58.13333333333333
7671,40,45.86666666666667
1347,60,41.13333333333333
11148,60,63.333333333333336
12614,50,70.33333333333333
247,60,94.26666666666667
14888,30,53.6
16262,50,61.86666666666667
13190,80,84.03333333333333
11250,140,130.8
16085,50,56.2
4352,120,78.7
4170,110,131.7
4318,100,100.56666666666666
12753,50,47.266666666666666
18869,80,139.03333333333333
7752,80,93.36666666666666
5846,50,56.266666666666666
14235,50,38.13333333333333
6348,190,152.43333333333334
19476,60,57.03333333333333
1023,100,195.2
14977,110,102.06666666666666
6729,50,161.93333333333334
4401,50,48.03333333333333
18281,50,60.666666666666664
12022,50,56.46666666666667
6534,40,45.733333333333334
4520,60,49.5
9870,60,54.96666666666667
11043,60,135.66666666666666
12796,370,179.8
16058,40,53.43333333333333
17451,70,60.266666666666666
8196,20,49.93333333333333
16435,80,105.63333333333334
13410,90,114.96666666666667
18461,60,60.5
12447,50,45.1
13373,90,89.23333333333333
19653,50,59.06666666666667
12550,120,113.86666666666666
6444,770,207.5
11071,270,261.8
14386,110,168.7
8574,50,43.833333333333336
16467,60,55.96666666666667
10876,60,51.53333333333333
9624,60,78.1
9507,100,115.9
6544,60,46.333333333333336
9680,60,57.46666666666667
10175,50,55.766666666666666
7955,60,60.13333333333333
139,40,45.3
3165,60,74.06666666666666
5436,540,220.1
14242,50,57.03333333333333
8725,50,57.166666666666664
14655,260,255.8
3934,40,42.5
11103,120,157.26666666666668
558,60,107.56666666666666
16596,50,54.833333333333336
2626,80,60.233333333333334
18740,70,77.56666666666666
3843,40,58.6
19045,60,63.1
11982,90,92.5
13838,100,127.3
5174,60,61.56666666666667
10611,210,250.23333333333332
12628,100,92.03333333333333
6051,80,136.06666666666666
19619,70,66.36666666666666
15451,40,49.9
5922,230,127.13333333333334
137,30,41.56666666666667
4371,50,50.833333333333336
2020,60,52.666666666666664
2549,40,39.766666666666666
11820,60,63.4
19133,60,58.43333333333333
5332,70,88.7
12081,300,375.0
18771,50,51.166666666666664
7007,110,212.23333333333332
9387,90,91.56666666666666
14032,40,44.36666666666667
13651,60,88.56666666666666
17996,130,119.73333333333333
4954,50,58.06666666666667
5456,50,44.233333333333334
16570,80,89.3
18660,80,82.8
1705,120,156.16666666666666
7841,40,47.3
11959,90,110.76666666666667
18665,80,109.26666666666667
19132,60,59.333333333333336
14196,60,80.76666666666667
17505,40,61.5
1729,420,138.9
6095,70,67.36666666666666
16253,60,40.96666666666667
7988,50,40.86666666666667
9656,250,143.83333333333334
19574,60,80.3
7854,30,32.96666666666667
13080,60,81.16666666666667
11610,60,202.53333333333333
13677,80,89.0
16332,50,53.7
6846,50,37.56666666666667
7816,30,44.5
18201,40,53.233333333333334
2701,50,53.1
2677,20,52.233333333333334
5584,270,365.4
6132,60,51.7
9085,90,192.9
10392,90,104.83333333333333
6822,50,56.36666666666667
9003,30,38.666666666666664
12125,60,70.43333333333334
13290,70,53.06666666666667
10678,130,129.6
4842,60,88.7
6810,50,56.13333333333333
19656,60,63.666666666666664
3733,70,94.0
19030,120,145.73333333333332
1199,30,33.8
15420,100,145.4
12726,40,53.166666666666664
4007,80,153.36666666666667
7969,50,48.96666666666667
6926,60,48.233333333333334
4546,50,56.3
19374,30,58.36666666666667
715,70,129.16666666666666
7794,90,90.1
5751,50,74.3
12166,50,56.63333333333333
14640,720,345.0
361,50,41.833333333333336
2043,80,80.66666666666667
10705,50,54.96666666666667
6405,50,48.2
13084,80,83.26666666666667
13213,60,57.233333333333334
6243,50,44.06666666666667
19158,160,243.6
3111,60,59.06666666666667
9440,40,41.03333333333333
3686,60,49.8
4751,90,105.76666666666667
4074,50,61.13333333333333
14898,60,53.766666666666666
19661,60,61.766666666666666
6757,60,79.1
16834,90,102.56666666666666
12538,60,95.56666666666666
7914,70,80.86666666666666
13142,50,57.6
1157,190,207.1
6355,110,105.5
18647,60,57.233333333333334
3050,70,86.5
13075,80,91.8
12589,50,54.56666666666667
4286,70,122.33333333333333
14679,440,269.1666666666667
460,100,97.3
18537,50,54.333333333333336
19357,50,49.5
14420,110,108.0
18409,80,84.9
291,110,88.43333333333334
10300,50,70.76666666666667
10581,60,55.666666666666664
7113,50,45.166666666666664
13610,50,52.06666666666667
12916,70,102.1
10117,40,51.93333333333333
11805,60,78.4
7511,80,91.46666666666667
8966,40,49.333333333333336
9202,60,61.2
8784,80,103.43333333333334
4574,60,149.56666666666666
14722,50,59.36666666666667
10712,50,51.6
7554,50,43.7
3498,60,64.33333333333333
127,60,98.8
8377,100,116.56666666666666
5391,30,42.8
2386,20,33.1
9595,50,76.8
4325,70,123.13333333333334
12113,100,109.3
5826,50,46.3
18131,100,140.9
17358,320,77.3
13253,130,494.93333333333334
13153,50,50.233333333333334
2948,50,44.5
13047,60,63.9
8798,150,136.2
7613,70,103.93333333333334
15568,90,97.46666666666667
13925,80,152.6
3341,80,104.96666666666667
19029,130,140.93333333333334
8408,40,49.6
7510,70,99.63333333333334
7245,50,49.8
5459,40,28.166666666666668
8366,140,140.16666666666666
3511,50,46.733333333333334
7029,610,353.0
13049,50,58.8
230,50,72.03333333333333
7606,50,76.96666666666667
18456,100,122.4
6491,100,184.56666666666666
12929,60,70.6
12731,50,50.266666666666666
9893,230,173.7
3710,50,56.53333333333333
11229,90,99.5
9167,50,109.83333333333333
1087,70,61.2
10456,40,59.43333333333333
12730,50,51.0
10584,50,54.93333333333333
15705,130,172.13333333333333
6067,140,146.86666666666667
2579,50,34.3
621,20,40.63333333333333
4488,140,139.73333333333332
3971,50,47.833333333333336
4484,130,133.66666666666666
13019,60,51.36666666666667
8839,40,38.9
10479,50,37.93333333333333
12643,190,147.16666666666666
6685,40,45.6
1086,40,47.06666666666667
10925,70,60.666666666666664
11766,50,48.93333333333333
4413,60,107.86666666666666
2771,50,57.666666666666664
5503,80,73.0
17197,50,60.733333333333334
2388,50,37.96666666666667
5186,50,77.03333333333333
13724,50,51.93333333333333
4489,130,134.5
15962,90,85.6
2830,90,112.6
180,40,45.9
9273,50,51.666666666666664
8850,50,46.06666666666667
11179,50,70.66666666666667
10714,50,48.9
12505,30,36.4
7563,40,53.7
4941,60,59.1
17504,50,65.93333333333334
15801,300,295.4
15620,50,43.96666666666667
13251,620,478.96666666666664
16345,70,64.5
16544,60,57.3
6478,80,89.53333333333333
15666,270,348.3
11398,120,128.53333333333333
14895,50,54.36666666666667
18235,70,55.43333333333333
5665,50,47.46666666666667
17952,120,114.16666666666667
12400,130,151.53333333333333
16169,50,50.1
5937,60,60.766666666666666
4049,80,122.83333333333333
8470,70,62.766666666666666
12834,80,98.8
5514,40,49.266666666666666
17538,50,63.13333333333333
4847,100,74.83333333333333
16583,100,105.5
13133,70,61.6
15531,60,53.13333333333333
10132,50,47.166666666666664
6612,40,109.1
3623,80,86.53333333333333
5734,70,243.83333333333334
2140,50,39.86666666666667
18172,60,60.06666666666667
11249,140,149.1
11729,40,42.9
13195,70,79.3
14854,110,108.96666666666667
11753,50,51.9
11699,50,51.03333333333333
2298,30,44.266666666666666
16016,80,68.9
12482,60,96.9
1430,40,54.733333333333334
1957,30,44.3
13694,110,139.46666666666667
10349,90,82.9
4609,280,156.86666666666667
487,50,48.6
11551,50,58.666666666666664
7087,90,78.0
18687,60,98.73333333333333
17876,80,93.76666666666667
10366,100,113.6
12620,40,98.23333333333333
9701,40,37.36666666666667
14632,80,129.23333333333332
18400,50,66.23333333333333
3023,260,299.76666666666665
14658,220,215.0
12375,90,95.0
14582,60,70.13333333333334
5963,60,55.733333333333334
17673,70,85.6
16666,70,87.8
19618,60,68.2
13646,100,225.0
6369,80,73.23333333333333
9178,70,87.06666666666666
3207,60,54.63333333333333
15930,60,87.56666666666666
476,50,54.93333333333333
2512,50,41.166666666666664
10772,270,260.93333333333334
9165,40,72.9
13534,60,86.63333333333334
10676,180,159.13333333333333
1510,40,36.56666666666667
1020,300,338.8666666666667
6557,50,33.2
10356,60,82.46666666666667
12133,70,61.2
17168,70,73.2
19572,60,67.56666666666666
12606,50,56.13333333333333
11736,50,51.9
14494,60,51.833333333333336
6443,270,143.26666666666668
5382,60,50.7
3609,540,220.4
9530,90,122.36666666666666
16046,50,52.0
6118,60,54.06666666666667
18329,60,56.53333333333333
14946,70,107.03333333333333
6224,50,56.63333333333333
134,40,70.0
11584,50,52.166666666666664
11251,140,130.66666666666666
3704,60,54.06666666666667
7038,590,405.43333333333334
16066,80,81.0
16183,60,51.833333333333336
19473,50,56.0
7479,60,64.86666666666666
5610,190,201.3
2221,30,30.3
18228,60,70.9
8612,60,72.63333333333334
7628,390,181.93333333333334
485,50,48.766666666666666
17498,60,64.3
967,40,40.63333333333333
6068,110,152.43333333333334
5182,60,74.6
9194,50,87.46666666666667
18808,50,75.83333333333333
14931,320,181.7
11717,40,53.766666666666666
7402,40,36.6
18295,90,138.46666666666667
6066,120,150.2
12841,80,88.1
6143,70,78.13333333333334
14838,80,181.43333333333334
6173,40,76.53333333333333
3468,100,243.13333333333333
18454,460,194.73333333333332
3502,20,31.8
3948,40,45.9
10035,50,59.733333333333334
10242,140,144.3
18334,50,49.63333333333333
11140,60,52.4
9090,140,119.13333333333334
9320,120,159.56666666666666
14105,70,65.66666666666667
11068,430,300.76666666666665
3287,70,83.76666666666667
601,140,151.7
7180,430,105.16666666666667
18661,90,83.73333333333333
15877,40,42.86666666666667
4667,50,42.1
10421,50,50.93333333333333
9195,70,89.86666666666666
12639,120,137.13333333333333
7589,50,53.2
15637,290,233.46666666666667
2319,40,40.266666666666666
3425,50,287.5
18007,80,170.16666666666666
15661,70,199.6
16468,60,53.5
8309,70,186.46666666666667
16119,80,87.26666666666667
6936,80,106.06666666666666
7646,90,203.33333333333334
15297,40,47.53333333333333
2075,50,43.1
15320,50,47.8
17437,120,152.13333333333333
13855,90,65.96666666666667
2235,50,40.233333333333334
12642,100,141.33333333333334
4602,110,119.26666666666667
8161,50,43.766666666666666
10424,60,53.86666666666667
286,80,81.93333333333334
1323,210,206.5
4991,310,177.26666666666668
11841,60,57.8
9276,50,42.333333333333336
72,50,51.63333333333333
11817,30,73.3
410,50,118.66666666666667
7443,200,77.3
17046,50,59.333333333333336
8149,70,54.2
7201,20,51.333333333333336
17947,120,132.73333333333332
4337,110,142.16666666666666
5015,370,323.6333333333333
12840,80,88.13333333333334
11693,50,53.166666666666664
9722,20,40.3
15414,360,156.9
3532,50,45.96666666666667
8393,60,59.8
6137,50,78.16666666666667
5763,100,138.7
19353,60,55.13333333333333
6389,50,49.166666666666664
13814,120,168.6
2448,40,55.6
15529,50,53.233333333333334
15041,70,63.46666666666667
14636,80,120.53333333333333
16068,80,95.16666666666667
2405,40,41.733333333333334
1071,40,45.1
3323,100,234.8
7487,280,155.36666666666667
18084,60,63.06666666666667
17977,110,107.06666666666666
10881,70,57.4
11508,90,102.4
4472,390,352.53333333333336
10351,90,88.2
9138,40,47.9
3211,50,62.53333333333333
3200,80,90.96666666666667
19691,180,265.73333333333335
6956,50,48.9
7453,50,74.93333333333334
8295,50,56.43333333333333
15709,100,141.66666666666666
11231,260,171.63333333333333
4445,120,102.7
2856,310,299.03333333333336
1731,240,158.06666666666666
18382,50,67.93333333333334
11660,50,55.46666666666667
697,100,96.63333333333334
1005,40,49.5
13354,60,67.3
17067,60,68.3
16361,80,145.16666666666666
4930,70,77.4
12218,360,251.16666666666666
10302,60,77.3
16168,50,51.0
10404,60,60.5
16894,60,54.56666666666667
17157,120,113.3
4166,220,184.06666666666666
10044,70,55.06666666666667
10580,50,54.53333333333333
9119,30,35.63333333333333
15957,100,92.46666666666667
15174,50,55.53333333333333
3753,370,199.53333333333333
3537,40,45.733333333333334
10418,50,51.7
18264,40,49.3
13010,50,47.1
101,30,125.53333333333333
2988,70,85.53333333333333
14462,40,39.4
7092,60,56.733333333333334
8999,50,43.36666666666667
5678,50,32.5
4770,90,116.6
1664,20,27.1
4148,430,336.8666666666667
17393,50,66.5
1476,40,40.666666666666664
7061,280,306.03333333333336
16696,70,80.93333333333334
16708,100,113.3
635,40,40.233333333333334
817,230,315.2
4252,70,66.1
18195,60,52.13333333333333
3984,60,110.5
6769,60,65.8
18221,50,53.833333333333336
5106,40,40.1
707,60,84.43333333333334
11743,50,48.53333333333333
14499,50,50.833333333333336
9458,80,115.66666666666667
18040,90,82.03333333333333
5800,30,39.266666666666666
7528,40,50.1
836,110,136.2
16826,70,82.83333333333333
9411,40,49.666666666666664
14271,120,128.2
8443,40,59.733333333333334
14972,80,85.63333333333334
19693,70,366.7
12191,190,223.96666666666667
9750,120,151.2
6876,30,50.43333333333333
7802,70,98.83333333333333
1158,350,120.86666666666666
8124,50,46.833333333333336
3522,40,35.96666666666667
2534,20,37.13333333333333
11687,30,50.733333333333334
3707,40,58.7
123,140,166.16666666666666
1247,360,151.13333333333333
820,290,224.86666666666667
5908,100,124.36666666666666
18612,60,52.36666666666667
11351,110,103.76666666666667
6195,40,103.73333333333333
5381,50,50.4
13476,70,84.46666666666667
9451,70,188.93333333333334
10908,100,92.76666666666667
3115,320,117.76666666666667
7877,90,68.53333333333333
7049,320,293.76666666666665
15454,40,47.7
9226,280,233.26666666666668
8913,40,61.166666666666664
11698,50,50.13333333333333
2519,20,29.4
16318,50,57.03333333333333
963,50,43.333333333333336
18028,150,125.13333333333334
1959,50,44.96666666666667
7836,20,39.63333333333333
2554,50,38.666666666666664
16970,50,62.9
10272,50,47.7
10120,70,64.26666666666667
8483,50,57.46666666666667
9056,240,255.03333333333333
19404,60,55.63333333333333
4375,50,52.06666666666667
15173,50,56.86666666666667
8121,40,48.6
2152,40,39.4
8916,70,77.2
18305,120,127.56666666666666
927,60,45.233333333333334
8452,80,131.56666666666666
16469,50,50.9
8576,50,43.833333333333336
8797,440,141.66666666666666
11612,50,136.16666666666666
3489,60,70.56666666666666
12552,120,99.1
9050,300,455.8666666666667
17706,350,269.43333333333334
2361,40,43.7
14175,60,48.06666666666667
12331,210,120.06666666666666
18847,270,299.06666666666666
13208,70,58.36666666666667
16379,50,82.06666666666666
3222,60,65.53333333333333
15124,250,196.3
13999,50,59.3
18951,70,85.2
19097,50,119.9
16730,80,71.63333333333334
17917,30,49.03333333333333
13339,30,85.7
16522,100,98.63333333333334
8589,80,193.66666666666666
7003,130,186.9
18839,150,190.86666666666667
8373,140,134.1
9869,60,55.166666666666664
13708,120,87.23333333333333
19069,60,53.1
18242,50,51.1
14832,60,96.56666666666666
3595,50,61.43333333333333
3410,170,103.36666666666666
3482,80,228.86666666666667
4160,130,131.3
15572,110,107.2
19176,80,88.03333333333333
12537,50,103.5
5547,40,44.7
12202,70,160.8
18087,50,68.3
14835,80,176.86666666666667
12099,260,241.1
16856,630,131.76666666666668
9409,50,50.2
14825,80,82.6
7110,20,42.5
11438,50,54.36666666666667
15502,70,86.76666666666667
11292,50,57.833333333333336
1557,30,34.233333333333334
13315,50,51.6
7726,30,54.8
4572,50,95.06666666666666
7780,60,84.13333333333334
3479,100,147.16666666666666
6650,100,104.6
6526,50,44.1
9854,70,53.1
18833,310,308.06666666666666
13265,500,169.76666666666668
6918,50,64.83333333333333
15060,60,49.56666666666667
17539,60,62.2
4293,70,106.06666666666666
12960,70,67.33333333333333
8137,50,44.93333333333333
15475,40,49.2
11794,30,49.93333333333333
9477,60,76.5
1697,110,129.06666666666666
9442,50,45.6
10432,50,44.733333333333334
9210,60,89.43333333333334
4980,70,56.96666666666667
16520,100,104.56666666666666
5019,240,265.26666666666665
1066,50,41.6
2935,50,42.766666666666666
19518,60,68.93333333333334
12584,50,54.8
13103,80,105.5
735,340,259.03333333333336
16515,80,79.8
9616,60,60.3
2136,40,42.266666666666666
17812,90,131.7
18375,50,61.46666666666667
3964,30,39.1
2039,80,102.0
19366,50,55.36666666666667
2360,30,40.733333333333334
16588,50,61.63333333333333
7155,50,45.333333333333336
8698,50,46.766666666666666
4101,40,48.733333333333334
16195,50,47.4
10969,90,91.33333333333333
9459,70,119.86666666666666
18420,90,88.7
12395,100,266.6
8280,50,37.7
2622,70,76.53333333333333
4391,50,47.93333333333333
11665,30,42.46666666666667
19269,100,112.93333333333334
18684,70,88.66666666666667
12347,100,109.6
19025,80,93.8
14606,60,67.4
14117,600,342.6666666666667
19184,70,67.46666666666667
19506,50,54.5
7590,50,54.46666666666667
17878,80,96.0
9841,50,54.733333333333334
17360,60,75.06666666666666
8094,90,88.66666666666667
4935,30,51.4
11072,290,253.4
2046,60,69.1
17657,560,171.5
5885,80,91.86666666666666
17060,60,54.5
19654,60,58.93333333333333
15331,40,57.3
9419,30,46.8
17501,60,57.7
7580,50,68.2
11784,40,67.53333333333333
12692,130,134.86666666666667
19623,70,64.66666666666667
11243,110,146.93333333333334
8058,260,217.83333333333334
2703,50,72.56666666666666
9254,60,61.833333333333336
6186,70,121.36666666666666
16255,70,54.13333333333333
5099,50,43.666666666666664
19509,50,50.233333333333334
19272,110,111.63333333333334
19003,80,102.46666666666667
3820,30,42.766666666666666
8193,40,46.63333333333333
11920,50,63.13333333333333
1026,480,245.8
5112,40,48.266666666666666
18463,60,59.1
17691,240,276.23333333333335
16293,130,121.9
12988,80,74.0
18533,40,41.5
8513,150,141.53333333333333
3571,60,89.93333333333334
18308,110,122.53333333333333
14873,60,58.06666666666667
6880,50,66.73333333333333
5168,70,61.2
17025,60,58.2
15640,400,310.23333333333335
11038,60,120.36666666666666
18404,50,54.333333333333336
8871,70,54.333333333333336
16447,70,55.03333333333333
12519,60,52.766666666666666
10829,130,171.7
8109,60,64.76666666666667
8323,50,56.166666666666664
9773,230,208.26666666666668
1119,30,36.1
2290,40,37.4
8972,30,46.0
7344,120,114.73333333333333
14521,50,59.8
15977,80,117.16666666666667
2184,90,215.53333333333333
8774,80,85.76666666666667
9690,60,52.1
12086,100,473.9
3024,310,325.46666666666664
274,50,44.56666666666667
10193,50,52.4
1804,40,34.06666666666667
12882,50,51.36666666666667
17835,120,118.96666666666667
5207,140,146.46666666666667
16452,60,50.03333333333333
5647,50,48.166666666666664
4245,70,65.76666666666667
6661,40,41.233333333333334
16043,40,50.0
14254,50,62.166666666666664
9109,60,58.333333333333336
10560,30,40.96666666666667
16918,50,51.833333333333336
285,80,73.8
8958,60,77.43333333333334
8364,180,191.53333333333333
5268,70,56.43333333333333
12825,410,218.66666666666666
5849,40,60.3
8379,110,104.43333333333334
549,80,253.36666666666667
14772,50,55.06666666666667
19061,60,51.333333333333336
16814,100,190.43333333333334
6301,40,65.7
5195,390,266.93333333333334
8091,100,95.83333333333333
5566,60,125.1
6418,20,35.5
3002,390,328.06666666666666
14171,60,47.7
8865,50,42.6
10936,60,73.63333333333334
18689,50,88.33333333333333
10855,60,61.2
2067,50,43.766666666666666
13475,60,74.03333333333333
10289,40,53.733333333333334
8928,40,67.0
13739,50,56.1
2992,480,443.93333333333334
8689,50,44.86666666666667
4404,30,49.766666666666666
15019,80,72.96666666666667
11056,100,148.46666666666667
10129,50,56.333333333333336
13332,200,145.6
1358,40,49.36666666666667
5035,30,47.56666666666667
9542,60,59.03333333333333
6210,90,123.56666666666666
4580,300,262.3333333333333
2255,60,60.7
9376,130,148.26666666666668
8600,50,70.4
17637,50,50.53333333333333
17345,60,50.36666666666667
15903,20,44.666666666666664
10341,50,52.8
11098,330,209.6
18904,60,102.43333333333334
10935,70,72.86666666666666
15210,50,146.6
13197,70,58.53333333333333
19157,460,350.43333333333334
9498,80,86.7
2968,370,157.86666666666667
3298,120,147.63333333333333
14384,350,129.23333333333332
49,370,250.03333333333333
17775,60,58.03333333333333
10806,100,137.6
17757,60,57.36666666666667
17003,60,78.1
7724,40,58.96666666666667
7172,70,68.0
17681,280,261.93333333333334
1303,90,167.66666666666666
18739,70,75.3
4393,50,46.6
15772,60,48.833333333333336
12299,60,56.8
3608,150,159.9
9159,110,116.06666666666666
19420,90,79.63333333333334
15642,260,234.63333333333333
3429,260,194.86666666666667
426,30,58.0
12499,50,54.333333333333336
17753,60,59.8
11074,250,213.13333333333333
16529,90,101.23333333333333
10004,60,51.4
4828,60,56.43333333333333
12980,110,102.2
18430,240,106.93333333333334
3035,490,186.8
14070,60,57.733333333333334
10347,60,72.06666666666666
8908,70,62.7
18050,50,52.36666666666667
12443,50,52.06666666666667
6489,530,427.56666666666666
15780,50,54.56666666666667
18519,40,64.93333333333334
5923,140,119.66666666666667
14887,30,46.766666666666666
6064,120,146.03333333333333
3999,300,316.03333333333336
14569,70,74.73333333333333
401,90,248.96666666666667
16187,40,50.9
19474,60,55.46666666666667
2712,90,172.73333333333332
9682,30,38.233333333333334
7765,110,158.23333333333332
7014,40,168.3
9905,340,282.03333333333336
2826,190,107.86666666666666
3931,50,52.6
15030,70,61.833333333333336
1722,60,56.5
3778,70,71.13333333333334
4073,50,60.9
16158,70,62.4
11928,80,71.1
13991,100,106.73333333333333
6933,130,104.46666666666667
3912,140,203.26666666666668
15479,60,57.8
14775,50,78.9
8484,60,55.9
15898,50,54.06666666666667
12382,110,119.6
18632,30,43.3
14572,70,66.66666666666667
8994,60,49.4
9412,60,49.53333333333333
10115,30,57.5
19285,140,135.36666666666667
6909,20,66.03333333333333
3562,20,44.1
4442,60,103.76666666666667
11257,90,98.93333333333334
18038,80,79.63333333333334
608,410,140.1
11188,80,76.23333333333333
8407,50,48.333333333333336
19,140,133.6
15698,80,114.66666666666667
8477,60,62.93333333333333
19247,50,46.8
4097,40,44.06666666666667
16182,60,51.13333333333333
18937,50,53.03333333333333
9808,110,111.66666666666667
4448,110,120.6
7808,100,90.8
9059,320,260.73333333333335
16533,80,105.66666666666667
5762,100,113.86666666666666
11285,50,61.266666666666666
10098,110,132.5
12457,50,57.8
14774,50,64.36666666666666
4702,70,79.43333333333334
5587,610,441.56666666666666
11840,30,55.233333333333334
18205,60,50.96666666666667
9345,340,361.6333333333333
16134,170,187.26666666666668
3171,90,114.36666666666666
9398,50,44.5
16027,50,54.1
19335,60,54.63333333333333
5117,20,42.8
14529,60,61.46666666666667
12911,260,136.56666666666666
8013,330,135.56666666666666
14163,20,39.0
18995,100,98.03333333333333
17604,60,58.3
16146,150,131.26666666666668
7731,50,45.9
16937,60,98.26666666666667
1983,40,44.833333333333336
16221,50,52.46666666666667
18350,40,56.3
7261,50,43.233333333333334
4219,70,70.4
2748,670,354.1
4351,150,98.26666666666667
16750,60,52.93333333333333
657,60,46.63333333333333
12681,130,233.33333333333334
751,210,165.96666666666667
2081,30,38.166666666666664
11895,50,62.03333333333333
11822,70,65.03333333333333
14858,60,83.9
14934,80,112.6
843,120,158.53333333333333
6804,80,74.16666666666667
6920,60,51.36666666666667
13212,50,57.53333333333333
15574,110,118.56666666666666
18962,100,119.9
14234,60,41.46666666666667
5363,40,46.7
18892,90,91.43333333333334
10782,80,88.26666666666667
553,170,309.1
6867,150,77.53333333333333
3570,70,103.66666666666667
16065,80,83.53333333333333
576,90,88.33333333333333
12631,100,139.4
4194,150,153.53333333333333
14405,540,205.16666666666666
47,380,112.16666666666667
19293,150,135.83333333333334
13147,50,54.166666666666664
14906,50,55.03333333333333
3652,50,42.93333333333333
5250,70,52.46666666666667
1215,40,44.266666666666666
1944,50,43.833333333333336
16047,60,55.3
1450,430,708.2333333333333
16523,80,87.53333333333333
14457,50,48.0
15178,50,52.86666666666667
18498,60,53.93333333333333
2403,50,43.9
15059,60,41.333333333333336
7021,320,288.23333333333335
10154,50,53.766666666666666
15218,60,56.56666666666667
11416,50,50.03333333333333
19495,40,50.166666666666664
3277,70,121.4
8171,40,51.5
13218,60,54.43333333333333
18288,80,88.23333333333333
18993,110,102.63333333333334
17435,110,104.4
13725,50,49.766666666666666
10323,80,76.9
18094,160,91.06666666666666
14669,240,198.46666666666667
1213,50,39.7
18363,50,66.76666666666667
12725,60,56.333333333333336
19119,60,60.166666666666664
7559,40,47.53333333333333
12483,210,194.0
19610,60,80.7
17305,70,92.5
15680,220,220.9
744,110,130.93333333333334
9362,350,250.3
3529,50,43.9
17899,50,57.13333333333333
18853,550,399.93333333333334
4178,140,149.53333333333333
3242,70,58.166666666666664
12310,50,56.63333333333333
7738,70,74.13333333333334
15782,60,66.26666666666667
729,270,422.5
1640,40,39.2
15985,270,242.86666666666667
9679,50,62.233333333333334
10511,150,122.6
542,60,136.4
18256,60,50.1
10180,60,59.86666666666667
16098,60,72.16666666666667
10208,50,49.666666666666664
13597,50,50.46666666666667
16214,50,63.766666666666666
9239,400,185.5
19302,260,189.4
7134,40,44.266666666666666
18102,320,112.66666666666667
10019,70,68.36666666666666
1952,40,48.266666666666666
12511,50,53.8
13275,90,62.8
8292,50,58.266666666666666
7120,40,44.333333333333336
5449,60,85.4
11270,70,70.0
4028,140,195.23333333333332
13732,60,57.1
3525,40,31.4
16428,130,121.1
2078,40,32.8
3794,40,47.666666666666664
18358,50,50.06666666666667
12792,100,126.6
6545,40,48.36666666666667
19077,50,47.333333333333336
0,60,126.66666666666667
13799,180,180.66666666666666
4547,50,55.96666666666667
3682,50,42.2
7861,60,48.36666666666667
13847,100,111.03333333333333
9068,590,411.06666666666666
15287,90,106.66666666666667
6253,50,51.36666666666667
2066,50,41.166666666666664
15387,90,108.93333333333334
9185,40,64.16666666666667
2271,40,40.46666666666667
6916,50,62.06666666666667
6913,60,66.86666666666666
8891,130,122.7
11733,40,48.13333333333333
12295,50,49.36666666666667
5667,40,46.53333333333333
10675,130,156.0
12320,50,65.7
15645,70,126.23333333333333
6817,30,42.0
11346,170,97.13333333333334
4783,70,74.76666666666667
3922,60,63.8
18112,110,165.03333333333333
4013,350,273.2
18566,80,99.4
14435,60,54.96666666666667
6835,50,38.56666666666667
19371,50,63.266666666666666
3919,90,76.7
13005,50,53.06666666666667
10429,50,46.833333333333336
10156,50,53.2
3979,70,85.86666666666666
17252,50,62.166666666666664
7695,40,48.93333333333333
4730,110,115.66666666666667
4229,70,69.9
3335,140,125.9
10901,100,94.8
5438,200,195.9
15082,70,70.26666666666667
5714,40,54.4
7578,80,67.36666666666666
6868,70,71.66666666666667
9955,130,127.63333333333334
1175,450,357.5
6467,290,160.86666666666667
17815,100,273.1
8349,110,98.66666666666667
14200,380,98.3
10250,140,127.93333333333334
12493,50,54.8
10883,60,54.86666666666667
18693,70,100.63333333333334
8930,70,92.66666666666667
16432,90,106.4
13713,60,75.0
13845,90,111.2
19019,130,209.1
15806,160,198.96666666666667
15894,40,48.7
7152,170,86.73333333333333
14194,60,82.96666666666667
12711,50,42.266666666666666
6119,70,55.333333333333336
4590,350,359.6666666666667
1166,550,341.26666666666665
13381,70,80.06666666666666
3941,50,45.86666666666667
12783,80,84.4
9242,110,140.6
3353,50,36.96666666666667
17266,60,63.86666666666667
8406,40,48.233333333333334
1783,30,35.46666666666667
1413,50,63.56666666666667
1130,30,38.96666666666667
11979,90,93.66666666666667
8395,70,59.8
16877,60,61.36666666666667
9578,50,47.733333333333334
19593,320,194.53333333333333
3184,190,126.63333333333334
7744,60,85.3
4832,50,47.4
8509,120,146.16666666666666
14666,290,297.2
13574,60,51.7
18190,50,54.5
18312,90,88.03333333333333
4741,80,127.2
5304,60,66.8
6517,60,60.3
3887,100,136.73333333333332
3458,110,119.26666666666667
12439,60,55.03333333333333
12209,110,190.5
7800,70,102.33333333333333
16718,110,129.33333333333334
4771,80,101.06666666666666
14004,50,53.266666666666666
14817,110,109.36666666666666
12088,900,543.2
9875,40,44.3
15741,60,48.43333333333333
13753,50,54.56666666666667
3579,40,60.03333333333333
3375,20,34.333333333333336
14983,110,128.03333333333333
5805,50,54.36666666666667
14786,190,130.86666666666667
7660,90,115.26666666666667
17200,60,51.56666666666667
7885,100,78.93333333333334
12809,360,218.1
8253,50,47.0
6052,150,220.0
14844,120,161.26666666666668
7681,40,43.3
8350,100,93.46666666666667
15575,100,104.4
7760,190,353.4
19368,60,67.26666666666667
9742,50,112.73333333333333
13348,70,70.1
5927,310,98.1
17277,70,74.1
17768,60,57.8
3975,50,54.266666666666666
483,50,49.96666666666667
8813,150,258.53333333333336
1315,100,222.4
13093,90,104.8
18332,50,53.5
7438,70,69.8
8227,110,114.53333333333333
14535,50,74.16666666666667
9423,50,49.333333333333336
14759,60,52.9
19712,80,117.96666666666667
15619,40,44.13333333333333
2485,40,42.5
16825,80,79.96666666666667
11317,50,67.16666666666667
5345,60,81.4
907,50,51.9
1576,40,39.86666666666667
11786,50,60.86666666666667
5525,50,47.93333333333333
1339,50,45.1
6490,100,194.36666666666667
14110,70,81.46666666666667
11917,60,68.6
12461,40,54.63333333333333
18983,100,126.3
19027,120,109.23333333333333
1989,40,51.63333333333333
5337,90,100.26666666666667
6662,20,34.63333333333333
16551,60,54.36666666666667
9942,220,228.5
14354,70,62.233333333333334
8965,50,50.333333333333336
16274,460,169.36666666666667
121,290,164.43333333333334
2609,110,147.56666666666666
4909,340,195.8
18915,50,59.166666666666664
13092,80,113.46666666666667
5857,50,62.86666666666667
15248,30,48.13333333333333
7286,60,59.333333333333336
5701,50,46.8
7948,140,191.86666666666667
12257,410,135.9
3795,40,45.86666666666667
17211,60,70.26666666666667
15099,50,53.233333333333334
12758,30,57.6
4540,60,54.1
15919,60,55.0
12522,50,54.43333333333333
2540,40,41.666666666666664
10062,30,50.63333333333333
1270,50,63.03333333333333
5771,100,206.66666666666666
5034,30,48.733333333333334
1691,120,132.8
17116,110,234.06666666666666
9468,60,126.26666666666667
2727,100,141.13333333333333
9338,120,102.66666666666667
9626,60,76.83333333333333
13599,50,52.46666666666667
13246,90,172.9
2974,40,47.96666666666667
10880,60,57.06666666666667
16954,50,82.4
2045,80,77.23333333333333
18966,80,112.36666666666666
17349,50,51.96666666666667
13811,200,191.73333333333332
2736,670,424.96666666666664
17348,50,51.666666666666664
1208,40,35.266666666666666
15621,50,47.833333333333336
14761,50,52.86666666666667
17581,120,119.96666666666667
8147,20,39.3
8318,30,84.83333333333333
15110,60,68.56666666666666
18216,70,57.1
1090,40,66.96666666666667
8478,60,59.06666666666667
16773,60,53.2
10873,60,56.1
1533,50,97.03333333333333
13113,100,128.36666666666667
1411,60,67.4
15257,50,55.56666666666667
8030,360,471.93333333333334
13108,370,214.7
2614,80,84.7
17848,130,126.2
2546,20,38.6
8489,70,68.13333333333334
13801,300,185.1
4315,100,106.5
5026,60,102.5
2664,40,45.06666666666667
13934,100,137.93333333333334
8694,50,45.43333333333333
9780,100,98.93333333333334
8878,70,63.1
17747,60,60.13333333333333
15269,460,242.93333333333334
16436,100,117.53333333333333
6235,50,48.7
16857,230,129.46666666666667
10408,20,48.7
13266,340,190.03333333333333
6062,120,154.4
14368,40,53.333333333333336
13978,110,147.93333333333334
16549,70,54.96666666666667
2950,50,42.43333333333333
5217,50,59.46666666666667
1393,60,57.06666666666667
4816,60,55.96666666666667
19675,100,260.9
10369,110,104.8
13222,60,57.9
3014,330,402.8333333333333
14086,50,54.93333333333333
16409,80,74.76666666666667
13544,290,228.36666666666667
8862,50,57.1
10281,20,40.333333333333336
7916,70,77.5
12717,50,49.7
11471,70,61.7
1767,70,54.06666666666667
17099,50,51.233333333333334
13688,290,254.2
8951,110,115.23333333333333
10337,100,94.0
10166,50,53.766666666666666
8748,120,115.2
13375,70,83.76666666666667
5297,40,87.26666666666667
5652,50,46.9
16783,50,49.13333333333333
6409,50,45.666666666666664
19657,60,60.06666666666667
9970,40,57.93333333333333
6244,50,45.166666666666664
5888,120,103.73333333333333
18957,220,105.56666666666666
16461,40,39.2
12766,70,151.46666666666667
5535,30,37.43333333333333
18686,60,99.8
1002,50,41.733333333333334
1061,40,36.3
14426,80,80.26666666666667
14731,60,53.333333333333336
4618,110,221.26666666666668
10784,70,97.56666666666666
16794,90,137.23333333333332
8139,50,47.36666666666667
17001,40,79.26666666666667
13443,50,54.333333333333336
13273,90,101.06666666666666
3950,50,48.2
10498,50,48.0
3997,710,272.5
17669,80,105.8
18104,100,128.1
10455,40,64.33333333333333
4193,140,148.9
3844,50,54.266666666666666
2146,50,34.06666666666667
15989,430,377.8666666666667
17467,50,59.266666666666666
2662,40,43.166666666666664
16664,70,123.4
14375,60,56.333333333333336
4046,90,155.86666666666667
586,500,324.1666666666667
9827,60,42.833333333333336
17065,70,66.83333333333333
15799,700,457.56666666666666
2953,50,43.8
2266,30,41.9
14183,50,53.96666666666667
17180,60,51.0
16650,70,169.66666666666666
11321,60,77.53333333333333
6779,90,124.73333333333333
7395,50,48.166666666666664
9500,80,93.93333333333334
8541,60,48.8
9098,110,118.53333333333333
3578,70,67.26666666666667
15816,260,300.7
6814,60,39.06666666666667
4918,290,125.4
8726,50,51.46666666666667
3268,90,197.26666666666668
10924,60,67.1
8369,100,119.7
10247,140,124.03333333333333
4285,80,114.13333333333334
2638,40,41.766666666666666
17085,70,59.7
9402,60,44.56666666666667
5379,60,51.233333333333334
6593,50,219.73333333333332
8303,510,188.46666666666667
9238,120,164.23333333333332
8018,60,108.5
9646,50,67.56666666666666
12914,70,106.93333333333334
4132,120,133.1
16663,110,130.76666666666668
8629,20,53.43333333333333
2442,50,41.13333333333333
15917,50,56.333333333333336
12894,60,52.06666666666667
8403,40,55.6
14605,70,70.86666666666666
1570,20,33.833333333333336
1398,30,92.9
2281,40,41.43333333333333
11343,110,95.0
17974,100,97.2
7040,290,278.5
2021,50,49.8
14412,110,210.9
16903,60,54.43333333333333
3194,100,105.9
18346,50,51.56666666666667
15663,300,414.43333333333334
7655,140,120.3
5290,60,84.8
16498,50,67.03333333333333
2002,40,29.366666666666667
18425,70,76.7
7138,30,44.2
15039,80,66.56666666666666
2305,40,37.833333333333336
17092,60,78.76666666666667
7912,80,103.4
902,70,54.96666666666667
6733,130,213.26666666666668
181,40,44.13333333333333
1063,20,31.5
16919,60,53.9
19188,70,55.333333333333336
13295,50,52.93333333333333
1853,290,306.46666666666664
4672,50,56.36666666666667
7603,50,69.26666666666667
4527,50,55.6
14944,400,142.8
9534,80,86.73333333333333
11132,50,54.666666666666664
13866,60,52.8
4010,350,257.46666666666664
15035,40,53.56666666666667
6462,230,256.2
7661,110,113.4
17945,220,130.9
1926,20,38.1
14585,70,72.3
19658,60,58.43333333333333
4824,50,56.1
9162,70,70.83333333333333
19606,90,96.16666666666667
50,120,129.56666666666666
5431,60,91.96666666666667
15597,50,46.4
2497,50,36.93333333333333
14037,50,56.6
13292,50,53.1
6848,40,39.63333333333333
11522,90,174.66666666666666
11615,50,90.6
2458,40,47.06666666666667
14601,60,70.86666666666666
19671,190,106.5
10052,60,60.766666666666666
14785,180,98.2
3210,60,63.833333333333336
5226,60,51.53333333333333
17256,50,69.2
16703,80,79.93333333333334
7803,130,98.1
11341,100,98.36666666666666
14796,370,221.3
4104,40,49.43333333333333
9849,50,48.833333333333336
6987,40,45.5
6607,70,78.76666666666667
13077,70,73.7
1097,50,119.2
18617,60,53.53333333333333
8122,50,43.06666666666667
10865,60,61.36666666666667
14447,50,46.96666666666667
15029,80,61.56666666666667
5632,50,59.03333333333333
205,20,29.7
3213,50,62.833333333333336
5359,60,63.13333333333333
10753,50,63.0
2086,50,43.666666666666664
3248,50,60.2
16694,70,99.46666666666667
14312,50,49.1
15706,130,153.86666666666667
13786,800,276.76666666666665
5352,130,102.53333333333333
16634,50,52.56666666666667
3486,70,152.36666666666667
10662,470,317.03333333333336
6954,60,50.2
13552,450,138.26666666666668
431,740,512.6333333333333
2533,20,34.43333333333333
2202,50,88.3
1572,50,41.833333333333336
15544,50,61.166666666666664
16071,80,140.66666666666666
3393,50,39.86666666666667
1277,70,66.06666666666666
17830,110,119.76666666666667
10097,140,133.63333333333333
8588,290,171.53333333333333
18250,60,53.266666666666666
4048,90,120.93333333333334
13199,60,67.83333333333333
18587,70,84.96666666666667
9432,50,48.8
14735,60,54.1
12085,210,390.73333333333335
4450,90,124.23333333333333
19390,70,91.66666666666667
1372,40,48.833333333333336
884,100,133.83333333333334
6181,60,89.73333333333333
1039,50,92.5
13905,60,49.03333333333333
1470,80,103.96666666666667
11804,60,82.63333333333334
293,100,92.33333333333333
2445,50,43.46666666666667
12196,80,96.93333333333334
6098,60,57.96666666666667
16056,70,59.63333333333333
6315,240,127.0
18301,140,117.4
17647,70,150.86666666666667
4688,20,39.733333333333334
2095,20,36.96666666666667
18020,170,189.83333333333334
18534,60,56.0
1194,40,44.06666666666667
2636,40,43.86666666666667
1010,40,45.666666666666664
4564,100,145.9
19706,240,261.1666666666667
17561,80,88.43333333333334
8674,20,45.1
18059,50,61.766666666666666
16431,120,112.7
14549,110,303.1666666666667
17791,70,60.3
6329,110,100.96666666666667
11316,70,67.9
900,70,56.43333333333333
6108,50,39.833333333333336
934,40,45.7
4058,90,90.26666666666667
19141,70,83.46666666666667
19564,80,82.0
5252,60,56.7
18099,50,68.06666666666666
1343,50,46.86666666666667
8679,40,47.733333333333334
359,40,44.166666666666664
5597,50,162.03333333333333
18156,100,121.96666666666667
11903,30,54.166666666666664
959,40,48.6
7215,90,101.96666666666667
1148,40,54.56666666666667
2954,50,45.06666666666667
18872,120,147.5
2051,80,64.96666666666667
6687,40,43.43333333333333
2054,130,298.6
19380,70,77.36666666666666
2501,40,44.2
13376,70,79.76666666666667
9717,50,53.8
9660,120,149.7
13106,310,170.43333333333334
4201,150,135.03333333333333
2323,20,37.6
17128,70,78.73333333333333
9796,80,98.7
14061,60,52.53333333333333
16327,40,51.53333333333333
17406,90,79.16666666666667
3156,60,76.43333333333334
668,40,176.93333333333334
15539,60,68.26666666666667
19103,50,65.23333333333333
4639,80,85.53333333333333
4788,40,52.93333333333333
9392,60,54.53333333333333
17933,60,56.266666666666666
6407,50,48.93333333333333
13271,260,206.43333333333334
7375,80,68.03333333333333
4496,90,78.96666666666667
15367,100,78.8
10029,60,189.56666666666666
10614,90,163.1
13663,80,77.63333333333334
19701,220,198.13333333333333
8883,60,85.9
17155,100,106.8
19108,60,51.46666666666667
4153,220,211.8
9531,70,120.03333333333333
12396,110,226.13333333333333
6775,100,87.93333333333334
7626,190,205.7
19306,120,149.26666666666668
16030,60,54.46666666666667
1056,50,42.0
18563,80,79.63333333333334
7202,30,113.93333333333334
9390,90,89.5
2394,40,42.5
12401,130,135.3
16103,90,81.23333333333333
11358,80,92.36666666666666
13821,820,430.1666666666667
16550,60,59.86666666666667
19683,50,170.53333333333333
12326,60,89.36666666666666
12536,50,88.36666666666666
5472,100,101.0
11616,60,100.5
14206,50,50.666666666666664
2157,40,48.733333333333334
13744,50,57.86666666666667
10385,130,132.56666666666666
13779,40,134.8
14302,60,56.9
15220,50,55.0
8492,90,92.4
9755,190,170.7
18523,50,61.5
2746,120,386.6666666666667
7662,120,103.06666666666666
102,260,171.2
3848,20,38.166666666666664
1661,50,39.666666666666664
11419,30,32.833333333333336
2684,40,60.733333333333334
14193,90,82.4
7247,50,48.63333333333333
19461,160,128.53333333333333
15631,70,73.63333333333334
6266,50,42.233333333333334
1694,170,131.03333333333333
3993,70,103.7
1065,40,39.1
6246,50,42.43333333333333
13525,90,92.23333333333333
5980,50,54.36666666666667
9058,490,298.8
14657,260,228.96666666666667
4978,50,48.56666666666667
12094,310,277.6
8352,90,93.7
720,80,227.86666666666667
3503,20,35.233333333333334
34,240,179.8
11511,110,108.43333333333334
12831,110,121.93333333333334
2358,50,37.9
9981,60,59.06666666666667
14770,60,55.2
16851,90,108.16666666666667
17075,50,61.86666666666667
2608,100,86.4
5928,410,102.8
937,50,34.96666666666667
396,490,411.8333333333333
12687,130,146.26666666666668
14324,50,48.43333333333333
5385,60,50.333333333333336
8729,30,81.03333333333333
2134,50,44.93333333333333
18056,50,59.2
11976,110,99.83333333333333
10845,30,40.46666666666667
6714,40,62.03333333333333
15164,50,60.93333333333333
17235,50,57.333333333333336
9620,70,85.8
3119,50,64.33333333333333
13367,90,77.3
4982,40,61.7
1210,20,32.96666666666667
3635,50,37.3
17035,50,54.03333333333333
3485,240,207.6
1085,40,47.93333333333333
3699,20,47.833333333333336
11057,270,134.5
13885,60,58.36666666666667
6015,300,270.1333333333333
8931,70,133.5
9999,50,46.13333333333333
17352,60,61.166666666666664
17366,80,79.73333333333333
3507,50,46.03333333333333
15591,50,50.766666666666666
16022,50,50.733333333333334
5267,50,63.0
3379,60,43.4
2635,40,47.06666666666667
10989,60,56.86666666666667
1458,120,159.8
9723,50,45.56666666666667
1318,440,317.5
1769,80,51.766666666666666
3472,210,185.06666666666666
10016,60,72.33333333333333
5658,30,36.9
2583,20,33.266666666666666
3334,100,131.06666666666666
10835,70,70.76666666666667
14278,80,83.76666666666667
1475,40,42.53333333333333
130,200,144.6
8165,30,50.03333333333333
5418,40,95.96666666666667
7649,100,119.33333333333333
8732,100,75.0
12836,90,97.63333333333334
2751,210,256.1333333333333
15442,70,69.8
10499,50,50.9
13595,60,48.06666666666667
17603,60,59.266666666666666
1825,680,384.2
13830,280,219.26666666666668
339,30,32.666666666666664
6705,40,43.63333333333333
7668,40,47.03333333333333
16598,50,55.333333333333336
18649,80,61.9
8825,30,44.3
7683,30,38.53333333333333
6472,80,88.56666666666666
4045,100,235.53333333333333
3588,30,38.43333333333333
2216,40,39.56666666666667
13000,50,55.733333333333334
2995,300,309.23333333333335
13088,90,87.4
17689,270,285.5
4742,80,105.9
16073,370,124.93333333333334
11194,80,79.13333333333334
12922,350,164.36666666666667
5996,50,82.16666666666667
13600,40,54.43333333333333
8251,50,47.03333333333333
15550,120,139.13333333333333
9360,600,401.1333333333333
655,50,42.9
14470,60,51.766666666666666
15024,70,63.43333333333333
2589,40,47.733333333333334
15690,60,86.96666666666667
5194,180,121.6
19332,70,49.8
3350,70,68.13333333333334
4680,50,53.666666666666664
3223,60,68.7
18917,60,56.03333333333333
4186,120,264.9
11756,50,58.53333333333333
16972,60,58.9
13611,50,62.06666666666667
449,90,137.43333333333334
14133,130,120.5
15342,80,83.83333333333333
11114,80,83.7
9881,60,82.23333333333333
9198,50,59.8
10792,60,80.83333333333333
19215,50,52.166666666666664
17557,60,64.13333333333334
5468,50,68.9
535,90,80.36666666666666
6463,110,190.73333333333332
8035,290,370.8333333333333
5115,40,44.86666666666667
8651,250,125.86666666666666
2425,20,30.033333333333335
1836,620,282.1666666666667
16258,50,55.13333333333333
4461,110,127.1
14159,60,48.63333333333333
7182,80,76.43333333333334
7913,70,83.46666666666667
7654,130,118.0
2680,40,56.7
14634,70,113.33333333333333
11872,50,57.13333333333333
8331,90,74.13333333333334
1038,70,181.9
11488,90,101.5
8735,50,63.1
7026,80,232.9
17740,60,60.3
11484,100,89.73333333333333
1870,60,76.1
12810,410,269.26666666666665
6532,50,46.166666666666664
8709,60,45.333333333333336
14332,30,84.73333333333333
12252,140,274.0
17268,50,63.8
1688,200,122.46666666666667
17886,90,69.86666666666666
6161,40,76.06666666666666
8956,80,88.96666666666667
196,40,44.56666666666667
518,50,73.53333333333333
4387,40,45.46666666666667
16228,60,50.03333333333333
10393,90,99.23333333333333
841,120,140.0
7495,110,104.83333333333333
7348,90,163.3
17701,250,241.03333333333333
19682,70,138.9
7316,50,67.9
7672,50,44.6
4819,60,60.13333333333333
7895,90,94.16666666666667
6091,60,65.7
6698,40,39.166666666666664
17558,80,67.4
454,100,135.46666666666667
17590,70,99.13333333333334
17983,90,95.13333333333334
2862,130,140.26666666666668
12530,50,68.93333333333334
13445,60,54.0
182,40,42.53333333333333
15212,50,57.03333333333333
15430,110,122.63333333333334
11799,60,71.26666666666667
2522,20,41.7
15843,160,203.06666666666666
4691,60,51.3
14627,70,89.33333333333333
19189,50,56.63333333333333
99,30,62.03333333333333
12927,60,73.66666666666667
19526,180,71.43333333333334
8538,40,47.766666666666666
4743,70,92.06666666666666
17269,60,63.7
7369,140,113.26666666666667
8935,90,136.56666666666666
14620,70,76.53333333333333
14776,60,83.86666666666666
1707,190,159.76666666666668
254,50,92.5
11498,80,102.06666666666666
1302,90,192.53333333333333
11076,100,188.53333333333333
17503,40,68.03333333333333
11119,50,87.4
10984,60,56.6
14339,70,72.46666666666667
16419,120,170.9
19151,350,214.5
16342,40,57.833333333333336
16670,80,91.23333333333333
933,50,44.93333333333333
3721,70,78.9
8830,50,50.233333333333334
14304,50,51.9
4034,150,270.8
2518,40,40.43333333333333
14517,50,51.86666666666667
1373,50,48.36666666666667
3836,40,59.233333333333334
7268,60,49.46666666666667
5894,100,105.96666666666667
2009,50,43.666666666666664
12187,340,377.3
5653,30,47.36666666666667
10780,90,94.8
6451,210,216.33333333333334
6248,50,37.733333333333334
16276,310,191.43333333333334
4291,80,94.33333333333333
2874,160,129.96666666666667
6958,60,44.7
8097,70,72.86666666666666
1037,80,205.8
19007,80,195.56666666666666
2704,180,95.0
13842,100,114.26666666666667
18894,90,78.06666666666666
9340,100,192.1
13959,100,103.2
6601,70,212.83333333333334
6211,90,130.9
7449,70,78.23333333333333
6298,60,60.93333333333333
2848,140,124.03333333333333
11354,100,104.06666666666666
4205,130,130.33333333333334
9391,40,72.06666666666666
12131,70,68.33333333333333
13887,60,57.93333333333333
10325,60,80.33333333333333
9666,130,110.86666666666666
19590,190,239.8
7958,60,58.6
9357,100,130.53333333333333
8019,60,123.33333333333333
6006,40,55.166666666666664
2457,50,39.7
15594,30,37.733333333333334
6138,40,104.06666666666666
8818,80,82.16666666666667
2697,100,65.3
8031,330,477.7
8821,60,68.06666666666666
10443,50,46.5
2351,40,40.96666666666667
6484,100,98.06666666666666
18313,60,76.2
14705,90,104.0
15498,80,184.8
8692,50,51.63333333333333
10527,100,126.3
6930,60,58.13333333333333
11293,60,57.1
18969,150,220.1
11176,60,75.83333333333333
14780,50,72.26666666666667
12754,60,49.333333333333336
6141,60,75.53333333333333
664,380,304.6
5564,30,72.46666666666667
17280,80,91.7
11465,70,75.6
4880,100,108.96666666666667
16861,130,120.46666666666667
17006,50,62.43333333333333
6863,30,59.333333333333336
19475,50,56.36666666666667
5709,10,39.53333333333333
11518,100,91.23333333333333
11662,40,45.53333333333333
6624,50,49.6
10220,50,53.833333333333336
18487,50,50.53333333333333
1333,50,63.36666666666667
15086,60,67.13333333333334
13263,130,188.86666666666667
2752,110,320.6
15802,310,275.8666666666667
9140,50,51.833333333333336
1984,30,39.8
18803,80,61.766666666666666
2435,50,41.766666666666666
9415,50,41.13333333333333
812,90,307.6333333333333
7596,30,60.166666666666664
10274,60,50.3
19125,60,107.9
4949,40,42.333333333333336
15250,50,53.333333333333336
6879,30,60.733333333333334
6402,20,39.4
6011,40,188.33333333333334
3669,40,42.03333333333333
7720,50,45.233333333333334
13698,120,127.96666666666667
1280,40,44.6
17103,60,81.63333333333334
12060,720,225.4
2981,330,126.43333333333334
12314,40,50.233333333333334
16375,80,88.36666666666666
6844,60,41.96666666666667
5020,220,244.43333333333334
2813,60,44.8
7077,110,113.16666666666667
536,60,94.13333333333334
4021,700,342.53333333333336
12399,140,157.2
18542,50,52.733333333333334
14982,110,130.33333333333334
259,50,43.166666666666664
17378,70,62.3
16145,150,133.0
14255,50,76.56666666666666
6072,110,183.56666666666666
8145,40,40.3
7408,40,48.4
12788,110,131.4
2003,60,35.7
14864,60,58.93333333333333
17574,100,228.73333333333332
4896,100,124.26666666666667
17670,70,96.93333333333334
640,50,48.86666666666667
617,50,63.56666666666667
474,50,49.4
1310,410,344.8333333333333
5377,60,43.2
18033,80,80.9
14006,60,55.03333333333333
8886,100,119.3
7019,700,315.03333333333336
18204,60,51.233333333333334
3251,60,74.76666666666667
16297,60,67.06666666666666
16279,150,140.7
3394,30,37.03333333333333
3547,60,54.63333333333333
19311,110,122.46666666666667
13764,60,56.733333333333334
9443,60,44.53333333333333
14619,70,63.6
15940,60,69.5
993,40,41.36666666666667
9055,100,244.13333333333333
11900,40,68.2
7285,70,55.6
3168,40,84.4
11720,70,50.46666666666667
1866,90,79.56666666666666
4807,60,51.6
16687,70,96.4
9826,70,42.93333333333333
18398,60,75.8
7919,70,81.7
18616,50,55.2
15831,250,192.26666666666668
12565,60,43.2
1121,40,45.666666666666664
2656,50,32.666666666666664
3478,100,130.3
5787,90,101.33333333333333
19480,50,51.766666666666666
10221,60,56.86666666666667
5466,40,60.333333333333336
12119,100,97.3
13301,50,57.833333333333336
16594,60,54.63333333333333
17372,60,189.3
5925,70,108.9
12325,60,89.26666666666667
10331,40,63.96666666666667
19722,100,97.7
3526,40,36.166666666666664
16455,60,50.266666666666666
1698,120,126.53333333333333
1835,620,276.8
5083,60,58.93333333333333
14084,40,56.4
18217,80,54.8
15062,50,68.93333333333334
12870,50,54.8
15726,60,57.63333333333333
1042,60,54.666666666666664
9060,240,242.13333333333333
3100,40,53.7
982,40,39.9
4871,270,143.36666666666667
11847,60,58.266666666666666
3852,60,51.8
17932,60,70.23333333333333
4140,120,245.76666666666668
17594,80,75.96666666666667
10470,70,60.93333333333333
11719,50,53.46666666666667
1433,50,46.06666666666667
16110,90,93.53333333333333
11654,50,62.46666666666667
5090,30,40.7
10513,130,103.7
14747,60,53.03333333333333
18912,50,59.833333333333336
377,390,113.4
357,40,37.5
12285,50,51.733333333333334
12343,60,81.9
10810,100,170.2
12950,50,54.4
18244,50,54.06666666666667
9153,50,45.13333333333333
19167,110,111.76666666666667
6959,50,42.6
1441,40,46.7
12215,130,286.3
11274,60,71.16666666666667
17056,60,53.36666666666667
8981,40,51.46666666666667
18754,60,50.86666666666667
6193,50,89.93333333333334
16505,100,137.63333333333333
2234,20,36.06666666666667
15074,70,60.63333333333333
13091,80,104.13333333333334
1713,130,177.46666666666667
6114,60,53.8
18867,80,124.7
18063,50,51.766666666666666
9767,340,242.93333333333334
10091,410,142.33333333333334
3048,80,94.46666666666667
2252,60,69.66666666666667
1968,50,43.1
1805,30,27.9
9853,40,45.3
11816,40,69.4
4519,50,43.3
7792,90,99.9
8657,100,112.26666666666667
3886,100,113.83333333333333
8380,120,99.6
13169,60,53.86666666666667
7922,50,85.0
5170,30,48.36666666666667
7078,100,100.76666666666667
8008,80,48.9
10078,50,63.53333333333333
8854,30,48.63333333333333
12890,50,50.833333333333336
2718,420,259.1333333333333
11659,50,55.86666666666667
9839,60,53.733333333333334
2958,30,42.233333333333334
1256,70,76.03333333333333
2420,50,48.333333333333336
18042,80,76.1
17188,50,62.53333333333333
2640,40,41.63333333333333
222,20,46.56666666666667
6891,40,53.06666666666667
14841,480,330.3666666666667
3572,80,69.56666666666666
16949,80,174.76666666666668
2652,30,39.4
16930,50,48.9
13529,90,96.3
5723,280,291.3
4149,360,276.1333333333333
18907,60,59.46666666666667
12124,60,65.5
17063,60,62.1
1336,50,56.53333333333333
1402,60,63.56666666666667
113,60,92.43333333333334
8922,70,81.0
7907,70,67.83333333333333
10502,50,48.766666666666666
13260,290,284.03333333333336
17261,50,51.03333333333333
6669,40,43.266666666666666
4281,90,93.36666666666666
14971,60,80.2
6492,90,145.7
4156,120,139.53333333333333
11628,50,71.66666666666667
9293,40,44.63333333333333
17283,80,143.46666666666667
8678,50,47.36666666666667
11155,50,63.7
12762,50,107.9
31,400,242.36666666666667
11058,130,121.36666666666666
15281,110,108.13333333333334
953,40,33.96666666666667
4069,50,61.53333333333333
17369,100,221.6
8827,60,46.2
11195,80,75.3
14393,70,92.03333333333333
2556,40,33.4
380,70,183.93333333333334
4966,50,55.4
15018,70,74.7
13274,90,81.0
15949,80,93.06666666666666
8043,630,328.46666666666664
10819,170,220.9
6896,60,49.43333333333333
4333,100,200.03333333333333
135,30,56.766666666666666
8425,40,47.13333333333333
8796,440,169.46666666666667
8771,80,92.36666666666666
411,60,105.03333333333333
10666,320,346.3666666666667
5833,50,44.46666666666667
1489,20,37.166666666666664
7608,340,142.13333333333333
13369,90,98.73333333333333
14342,60,63.0
18429,140,81.4
19256,60,63.333333333333336
16479,50,53.03333333333333
2467,20,29.4
18948,60,62.666666666666664
5203,90,97.26666666666667
4269,80,109.5
2087,40,55.8
9543,60,61.6
14578,60,68.53333333333333
15009,70,64.9
2929,50,47.13333333333333
9815,80,105.8
9925,100,85.26666666666667
14088,60,54.333333333333336
17356,70,84.5
17547,50,59.333333333333336
